-- ============================================================
-- xvixypmy_human_on_host — Postgres conversion + seed data
-- Source: user-provided phpMyAdmin MySQL dump (2026-05-13 15:10)
-- Target: Postgres 16 running in humanitarian_postgres container.
--
-- This file is IDEMPOTENT: it drops every table first, then recreates
-- the schema + seed data exactly as the source dump specifies (including
-- the new Sorani/Badini columns and the audit_log table).
-- ============================================================

SET client_encoding = 'UTF8';

-- ============================================================
-- 1. Drop every table (CASCADE handles FK dependencies for us)
-- ============================================================
DROP TABLE IF EXISTS api_access_tokens                     CASCADE;
DROP TABLE IF EXISTS app_notifications                     CASCADE;
DROP TABLE IF EXISTS app_notification_devices              CASCADE;
DROP TABLE IF EXISTS app_notification_reads                CASCADE;
DROP TABLE IF EXISTS audit_log                             CASCADE;
DROP TABLE IF EXISTS beneficiary_cases                     CASCADE;
DROP TABLE IF EXISTS beneficiary_case_documents            CASCADE;
DROP TABLE IF EXISTS beneficiary_project_requests          CASCADE;
DROP TABLE IF EXISTS beneficiary_project_request_comments  CASCADE;
DROP TABLE IF EXISTS beneficiary_project_request_likes     CASCADE;
DROP TABLE IF EXISTS campaigns                             CASCADE;
DROP TABLE IF EXISTS campaigns_category                    CASCADE;
DROP TABLE IF EXISTS campaings_datas                       CASCADE;
DROP TABLE IF EXISTS city_directory_entries                CASCADE;
DROP TABLE IF EXISTS donations                             CASCADE;
DROP TABLE IF EXISTS financial_expenses                    CASCADE;
DROP TABLE IF EXISTS in_kind_donations                     CASCADE;
DROP TABLE IF EXISTS marketplace_orders                    CASCADE;
DROP TABLE IF EXISTS marketplace_products                  CASCADE;
DROP TABLE IF EXISTS marriage_profiles                     CASCADE;
DROP TABLE IF EXISTS media_posts                           CASCADE;
DROP TABLE IF EXISTS otp_codes                             CASCADE;
DROP TABLE IF EXISTS otp_ip_rate_limit                     CASCADE;
DROP TABLE IF EXISTS partners                              CASCADE;
DROP TABLE IF EXISTS sponsorships                          CASCADE;
DROP TABLE IF EXISTS support_tickets                       CASCADE;
DROP TABLE IF EXISTS users                                 CASCADE;
DROP TABLE IF EXISTS user_device_tokens                    CASCADE;
DROP TABLE IF EXISTS user_profiles                         CASCADE;
DROP TABLE IF EXISTS user_profile_audit_logs               CASCADE;
DROP TABLE IF EXISTS volunteer_applications                CASCADE;
DROP TABLE IF EXISTS volunteer_missions                    CASCADE;
DROP TABLE IF EXISTS volunteer_mission_signups             CASCADE;

DROP FUNCTION IF EXISTS set_updated_at() CASCADE;

CREATE OR REPLACE FUNCTION set_updated_at()
RETURNS TRIGGER AS $$
BEGIN
  NEW.updated_at = CURRENT_TIMESTAMP;
  RETURN NEW;
END;
$$ LANGUAGE plpgsql;

-- ============================================================
-- 2. Tables (created in dependency order: users first)
-- ============================================================

CREATE TABLE users (
  id          INTEGER GENERATED BY DEFAULT AS IDENTITY PRIMARY KEY,
  phone       VARCHAR(255) NOT NULL UNIQUE,
  role_id     INTEGER,
  active      SMALLINT DEFAULT 1,
  is_admin    SMALLINT NOT NULL DEFAULT 0,
  created_at  TIMESTAMP DEFAULT CURRENT_TIMESTAMP
);

CREATE TABLE user_profiles (
  id              INTEGER GENERATED BY DEFAULT AS IDENTITY PRIMARY KEY,
  user_id         INTEGER NOT NULL,
  full_name       VARCHAR(200) NOT NULL,
  gender          VARCHAR(200) NOT NULL,
  address         VARCHAR(200) NOT NULL,
  profile_picture VARCHAR(200) NOT NULL DEFAULT '0'
);

CREATE TABLE api_access_tokens (
  id             BIGINT GENERATED BY DEFAULT AS IDENTITY PRIMARY KEY,
  user_id        INTEGER NOT NULL,
  token_selector CHAR(18) NOT NULL UNIQUE,
  token_hash     CHAR(64) NOT NULL,
  user_agent     VARCHAR(255),
  ip_address     VARCHAR(45),
  created_at     TIMESTAMP NOT NULL DEFAULT CURRENT_TIMESTAMP,
  last_used_at   TIMESTAMP,
  expires_at     TIMESTAMP NOT NULL,
  revoked_at     TIMESTAMP
);
CREATE INDEX idx_api_access_tokens_user    ON api_access_tokens(user_id);
CREATE INDEX idx_api_access_tokens_expires ON api_access_tokens(expires_at);

CREATE TABLE app_notifications (
  id                    BIGINT GENERATED BY DEFAULT AS IDENTITY PRIMARY KEY,
  user_id               INTEGER,
  role_id               INTEGER,
  title                 VARCHAR(255) NOT NULL,
  title_ar              VARCHAR(255),
  body                  TEXT NOT NULL,
  body_ar               TEXT,
  notification_type     VARCHAR(128),
  notification_category VARCHAR(32) NOT NULL DEFAULT 'normal',
  priority              INTEGER NOT NULL DEFAULT 0,
  action_url            VARCHAR(255),
  related_entity_type   VARCHAR(64),
  related_entity_id     BIGINT,
  is_read               SMALLINT NOT NULL DEFAULT 0,
  read_at               TIMESTAMP,
  created_at            TIMESTAMP NOT NULL DEFAULT CURRENT_TIMESTAMP,
  title_sorani          TEXT,
  title_badini          TEXT,
  body_sorani           TEXT,
  body_badini           TEXT
);
CREATE INDEX idx_app_notifications_user_read ON app_notifications(user_id, is_read);
CREATE INDEX idx_app_notifications_role      ON app_notifications(role_id);
CREATE INDEX idx_app_notifications_priority  ON app_notifications(is_read, notification_category, priority, created_at);

CREATE TABLE app_notification_devices (
  id         BIGINT GENERATED BY DEFAULT AS IDENTITY PRIMARY KEY,
  user_id    INTEGER NOT NULL,
  role_id    INTEGER,
  fcm_token  VARCHAR(512) NOT NULL UNIQUE,
  platform   VARCHAR(32) NOT NULL DEFAULT 'android',
  is_active  SMALLINT NOT NULL DEFAULT 1,
  created_at TIMESTAMP NOT NULL DEFAULT CURRENT_TIMESTAMP,
  updated_at TIMESTAMP NOT NULL DEFAULT CURRENT_TIMESTAMP
);
CREATE INDEX idx_app_notification_devices_user   ON app_notification_devices(user_id);
CREATE INDEX idx_app_notification_devices_role   ON app_notification_devices(role_id);
CREATE INDEX idx_app_notification_devices_active ON app_notification_devices(is_active);
CREATE TRIGGER trg_app_notification_devices_updated_at
  BEFORE UPDATE ON app_notification_devices
  FOR EACH ROW EXECUTE FUNCTION set_updated_at();

CREATE TABLE app_notification_reads (
  notification_id BIGINT NOT NULL,
  user_id         INTEGER NOT NULL,
  read_at         TIMESTAMP NOT NULL DEFAULT CURRENT_TIMESTAMP,
  PRIMARY KEY (notification_id, user_id)
);
CREATE INDEX idx_app_notification_reads_user ON app_notification_reads(user_id);

CREATE TABLE audit_log (
  id              BIGINT GENERATED BY DEFAULT AS IDENTITY PRIMARY KEY,
  event_type      VARCHAR(64) NOT NULL,
  severity        VARCHAR(16) NOT NULL DEFAULT 'info'
                   CHECK (severity IN ('info', 'warning', 'critical')),
  user_id         INTEGER,
  ip_address      VARCHAR(45),
  user_agent      VARCHAR(255),
  request_method  VARCHAR(8),
  request_uri     VARCHAR(512),
  details_json    TEXT,
  created_at      TIMESTAMP NOT NULL DEFAULT CURRENT_TIMESTAMP
);
CREATE INDEX idx_audit_event_type ON audit_log(event_type);
CREATE INDEX idx_audit_user       ON audit_log(user_id);
CREATE INDEX idx_audit_ip         ON audit_log(ip_address);
CREATE INDEX idx_audit_created    ON audit_log(created_at);

CREATE TABLE beneficiary_cases (
  id                    BIGINT GENERATED BY DEFAULT AS IDENTITY PRIMARY KEY,
  user_id               INTEGER,
  case_code             VARCHAR(64) NOT NULL UNIQUE,
  public_title          VARCHAR(255) NOT NULL,
  public_title_ar       VARCHAR(255),
  full_name             VARCHAR(255),
  national_id           VARCHAR(64),
  phone                 VARCHAR(64),
  city                  VARCHAR(128),
  district              VARCHAR(128),
  address               TEXT,
  family_members_count  INTEGER,
  income_amount         NUMERIC(14,2),
  housing_status        VARCHAR(128),
  work_status           VARCHAR(128),
  health_status         TEXT,
  education_status      TEXT,
  actual_needs          TEXT,
  priority_level        VARCHAR(16) NOT NULL DEFAULT 'medium'
                         CHECK (priority_level IN ('low','medium','high','urgent')),
  verification_status   VARCHAR(50),
  public_visibility     VARCHAR(16) NOT NULL DEFAULT 'code_only'
                         CHECK (public_visibility IN ('code_only','summary','hidden')),
  review_notes          TEXT,
  reviewed_by_user_id   INTEGER,
  reviewed_at           TIMESTAMP,
  created_at            TIMESTAMP NOT NULL DEFAULT CURRENT_TIMESTAMP,
  updated_at            TIMESTAMP NOT NULL DEFAULT CURRENT_TIMESTAMP,
  public_title_sorani   TEXT,
  public_title_badini   TEXT
);
CREATE INDEX idx_beneficiary_cases_user          ON beneficiary_cases(user_id);
CREATE INDEX idx_beneficiary_cases_status        ON beneficiary_cases(verification_status);
CREATE INDEX idx_beneficiary_cases_city_priority ON beneficiary_cases(city, priority_level);
CREATE TRIGGER trg_beneficiary_cases_updated_at
  BEFORE UPDATE ON beneficiary_cases
  FOR EACH ROW EXECUTE FUNCTION set_updated_at();

CREATE TABLE beneficiary_case_documents (
  id                  BIGINT GENERATED BY DEFAULT AS IDENTITY PRIMARY KEY,
  case_id             BIGINT NOT NULL,
  document_type       VARCHAR(128) NOT NULL,
  file_path           VARCHAR(500) NOT NULL,
  public_allowed      SMALLINT NOT NULL DEFAULT 0,
  uploaded_by_user_id INTEGER,
  created_at          TIMESTAMP NOT NULL DEFAULT CURRENT_TIMESTAMP
);
CREATE INDEX idx_beneficiary_case_documents_case ON beneficiary_case_documents(case_id);
CREATE INDEX idx_beneficiary_case_documents_type ON beneficiary_case_documents(document_type);

CREATE TABLE beneficiary_project_requests (
  id                                          BIGINT GENERATED BY DEFAULT AS IDENTITY PRIMARY KEY,
  user_id                                     INTEGER NOT NULL,
  project_title                               VARCHAR(255) NOT NULL,
  project_title_ar                            VARCHAR(255),
  category                                    VARCHAR(128) NOT NULL,
  category_ar                                 VARCHAR(128),
  summary                                     TEXT NOT NULL,
  summary_ar                                  TEXT,
  description_long                            TEXT NOT NULL,
  description_long_ar                         TEXT,
  amount_needed                               NUMERIC(14,2) NOT NULL,
  raised_amount                               INTEGER NOT NULL DEFAULT 0,
  currency                                    CHAR(3) NOT NULL DEFAULT 'IQD',
  location                                    VARCHAR(255) NOT NULL,
  location_ar                                 VARCHAR(255),
  beneficiary_community_name                  VARCHAR(255) NOT NULL,
  beneficiary_community_name_ar               VARCHAR(255),
  people_affected_total                       INTEGER,
  male_count                                  INTEGER,
  female_count                                INTEGER,
  volunteer_age_profile                       TEXT,
  volunteer_age_profile_ar                    TEXT,
  volunteer_skills_knowledge                  TEXT,
  volunteer_skills_knowledge_ar               TEXT,
  people_volunteers_extra_description         TEXT,
  people_volunteers_extra_description_ar      TEXT,
  timeline_target                             VARCHAR(255),
  timeline_target_ar                          VARCHAR(255),
  contact_person_name                         VARCHAR(255),
  contact_person_name_ar                      VARCHAR(255),
  contact_phone                               VARCHAR(32),
  contact_email                               VARCHAR(255),
  other_notes                                 TEXT,
  other_notes_ar                              TEXT,
  status                                      VARCHAR(32) NOT NULL DEFAULT 'submitted',
  like_count                                  INTEGER NOT NULL DEFAULT 0,
  comment_count                               INTEGER NOT NULL DEFAULT 0,
  created_at                                  TIMESTAMP NOT NULL DEFAULT CURRENT_TIMESTAMP,
  updated_at                                  TIMESTAMP NOT NULL DEFAULT CURRENT_TIMESTAMP,
  project_title_sorani                        TEXT,
  project_title_badini                        TEXT,
  category_sorani                             TEXT,
  category_badini                             TEXT,
  summary_sorani                              TEXT,
  summary_badini                              TEXT,
  description_long_sorani                     TEXT,
  description_long_badini                     TEXT,
  location_sorani                             TEXT,
  location_badini                             TEXT,
  beneficiary_community_name_sorani           TEXT,
  beneficiary_community_name_badini           TEXT,
  volunteer_age_profile_sorani                TEXT,
  volunteer_age_profile_badini                TEXT,
  volunteer_skills_knowledge_sorani           TEXT,
  volunteer_skills_knowledge_badini           TEXT,
  people_volunteers_extra_description_sorani  TEXT,
  people_volunteers_extra_description_badini  TEXT,
  timeline_target_sorani                      TEXT,
  timeline_target_badini                      TEXT,
  contact_person_name_sorani                  TEXT,
  contact_person_name_badini                  TEXT,
  other_notes_sorani                          TEXT,
  other_notes_badini                          TEXT
);
CREATE INDEX idx_bpr_user_status  ON beneficiary_project_requests(user_id, status);
CREATE INDEX idx_bpr_updated_at   ON beneficiary_project_requests(updated_at);
CREATE TRIGGER trg_beneficiary_project_requests_updated_at
  BEFORE UPDATE ON beneficiary_project_requests
  FOR EACH ROW EXECUTE FUNCTION set_updated_at();

CREATE TABLE beneficiary_project_request_comments (
  id                  BIGINT GENERATED BY DEFAULT AS IDENTITY PRIMARY KEY,
  project_request_id  BIGINT NOT NULL,
  user_id             INTEGER NOT NULL,
  parent_comment_id   BIGINT,
  body                TEXT NOT NULL,
  is_deleted          SMALLINT NOT NULL DEFAULT 0,
  created_at          TIMESTAMP NOT NULL DEFAULT CURRENT_TIMESTAMP,
  updated_at          TIMESTAMP NOT NULL DEFAULT CURRENT_TIMESTAMP,
  CONSTRAINT fk_bpr_comments_request FOREIGN KEY (project_request_id)
    REFERENCES beneficiary_project_requests(id) ON DELETE CASCADE ON UPDATE CASCADE,
  CONSTRAINT fk_bpr_comments_user FOREIGN KEY (user_id)
    REFERENCES users(id) ON DELETE CASCADE ON UPDATE CASCADE,
  CONSTRAINT fk_bpr_comments_parent FOREIGN KEY (parent_comment_id)
    REFERENCES beneficiary_project_request_comments(id) ON DELETE CASCADE ON UPDATE CASCADE
);
CREATE INDEX idx_comments_request ON beneficiary_project_request_comments(project_request_id);
CREATE INDEX idx_comments_user    ON beneficiary_project_request_comments(user_id);
CREATE INDEX idx_comments_parent  ON beneficiary_project_request_comments(parent_comment_id);
CREATE TRIGGER trg_beneficiary_project_request_comments_updated_at
  BEFORE UPDATE ON beneficiary_project_request_comments
  FOR EACH ROW EXECUTE FUNCTION set_updated_at();

CREATE TABLE beneficiary_project_request_likes (
  id                 BIGINT GENERATED BY DEFAULT AS IDENTITY PRIMARY KEY,
  project_request_id BIGINT NOT NULL,
  user_id            INTEGER NOT NULL,
  created_at         TIMESTAMP NOT NULL DEFAULT CURRENT_TIMESTAMP,
  CONSTRAINT uq_request_like_user UNIQUE (project_request_id, user_id),
  CONSTRAINT fk_bpr_likes_request FOREIGN KEY (project_request_id)
    REFERENCES beneficiary_project_requests(id) ON DELETE CASCADE ON UPDATE CASCADE,
  CONSTRAINT fk_bpr_likes_user FOREIGN KEY (user_id)
    REFERENCES users(id) ON DELETE CASCADE ON UPDATE CASCADE
);
CREATE INDEX idx_likes_request ON beneficiary_project_request_likes(project_request_id);
CREATE INDEX idx_likes_user    ON beneficiary_project_request_likes(user_id);

CREATE TABLE campaigns (
  id                  INTEGER GENERATED BY DEFAULT AS IDENTITY PRIMARY KEY,
  title               VARCHAR(200) NOT NULL,
  title_ar            VARCHAR(200) NOT NULL,
  description         VARCHAR(200) NOT NULL,
  description_ar      VARCHAR(200) NOT NULL,
  address             VARCHAR(200) NOT NULL,
  beneficiaries       VARCHAR(200) NOT NULL,
  goal_amount         VARCHAR(200) NOT NULL,
  raised_amount       VARCHAR(200) NOT NULL,
  title_sorani        TEXT,
  title_badini        TEXT,
  description_sorani  TEXT,
  description_badini  TEXT
);

CREATE TABLE campaigns_category (
  id          INTEGER GENERATED BY DEFAULT AS IDENTITY PRIMARY KEY,
  category_en VARCHAR(200) NOT NULL,
  category_ar VARCHAR(200) NOT NULL
);

CREATE TABLE campaings_datas (
  id         INTEGER GENERATED BY DEFAULT AS IDENTITY PRIMARY KEY,
  user_id    INTEGER NOT NULL,
  liked      INTEGER NOT NULL,
  comment    INTEGER NOT NULL,
  created_at TIMESTAMP NOT NULL DEFAULT CURRENT_TIMESTAMP
);

CREATE TABLE city_directory_entries (
  id                  BIGINT GENERATED BY DEFAULT AS IDENTITY PRIMARY KEY,
  name                VARCHAR(255) NOT NULL,
  name_ar             VARCHAR(255),
  category            VARCHAR(128) NOT NULL,
  city                VARCHAR(128),
  address             TEXT,
  phone               VARCHAR(64),
  email               VARCHAR(255),
  website             VARCHAR(500),
  description         TEXT,
  description_ar      TEXT,
  latitude            NUMERIC(10,7),
  longitude           NUMERIC(10,7),
  status              VARCHAR(16) NOT NULL DEFAULT 'approved'
                       CHECK (status IN ('pending','approved','rejected','hidden')),
  created_at          TIMESTAMP NOT NULL DEFAULT CURRENT_TIMESTAMP,
  updated_at          TIMESTAMP NOT NULL DEFAULT CURRENT_TIMESTAMP,
  name_sorani         TEXT,
  name_badini         TEXT,
  description_sorani  TEXT,
  description_badini  TEXT
);
CREATE INDEX idx_city_directory_category_city ON city_directory_entries(category, city);
CREATE INDEX idx_city_directory_status        ON city_directory_entries(status);
CREATE TRIGGER trg_city_directory_entries_updated_at
  BEFORE UPDATE ON city_directory_entries
  FOR EACH ROW EXECUTE FUNCTION set_updated_at();

CREATE TABLE donations (
  id                 INTEGER GENERATED BY DEFAULT AS IDENTITY PRIMARY KEY,
  reference_number   VARCHAR(64),
  user_id            INTEGER NOT NULL,
  campaign_id        INTEGER,
  donation_kind      VARCHAR(20) NOT NULL DEFAULT 'campaign'
                      CHECK (donation_kind IN ('general','campaign','sponsorship','in_kind','operational')),
  is_recurring       SMALLINT NOT NULL DEFAULT 0,
  recurring_interval VARCHAR(16) NOT NULL DEFAULT 'none'
                      CHECK (recurring_interval IN ('none','weekly','monthly','quarterly','yearly')),
  message            TEXT NOT NULL,
  amount             VARCHAR(200) NOT NULL,
  payment_status     INTEGER NOT NULL DEFAULT 2,
  delivery_status    VARCHAR(20) NOT NULL DEFAULT 'registered'
                      CHECK (delivery_status IN ('registered','received','under_review','delivered','cancelled')),
  payment_method     VARCHAR(200) NOT NULL,
  impact_note        TEXT,
  transaction_date   TIMESTAMP NOT NULL DEFAULT CURRENT_TIMESTAMP
);

CREATE TABLE financial_expenses (
  id                          BIGINT GENERATED BY DEFAULT AS IDENTITY PRIMARY KEY,
  expense_type                VARCHAR(32) NOT NULL DEFAULT 'other'
                               CHECK (expense_type IN ('beneficiary_assistance','operational','administrative','campaign','other')),
  related_case_id             BIGINT,
  related_project_request_id  BIGINT,
  amount                      NUMERIC(14,2) NOT NULL,
  currency                    CHAR(3) NOT NULL DEFAULT 'IQD',
  description                 TEXT,
  expense_date                DATE NOT NULL,
  created_by_user_id          INTEGER,
  created_at                  TIMESTAMP NOT NULL DEFAULT CURRENT_TIMESTAMP
);
CREATE INDEX idx_financial_expenses_type_date ON financial_expenses(expense_type, expense_date);
CREATE INDEX idx_financial_expenses_case      ON financial_expenses(related_case_id);
CREATE INDEX idx_financial_expenses_project   ON financial_expenses(related_project_request_id);

CREATE TABLE in_kind_donations (
  id             BIGINT GENERATED BY DEFAULT AS IDENTITY PRIMARY KEY,
  donor_user_id  INTEGER,
  category       VARCHAR(128) NOT NULL,
  item_name      VARCHAR(255) NOT NULL,
  quantity       VARCHAR(128),
  condition_note VARCHAR(255),
  pickup_address TEXT,
  status         VARCHAR(16) NOT NULL DEFAULT 'submitted'
                  CHECK (status IN ('submitted','scheduled','received','delivered','cancelled')),
  notes          TEXT,
  created_at     TIMESTAMP NOT NULL DEFAULT CURRENT_TIMESTAMP,
  updated_at     TIMESTAMP NOT NULL DEFAULT CURRENT_TIMESTAMP
);
CREATE INDEX idx_in_kind_donations_donor  ON in_kind_donations(donor_user_id);
CREATE INDEX idx_in_kind_donations_status ON in_kind_donations(status);
CREATE TRIGGER trg_in_kind_donations_updated_at
  BEFORE UPDATE ON in_kind_donations
  FOR EACH ROW EXECUTE FUNCTION set_updated_at();

CREATE TABLE marketplace_orders (
  id            BIGINT GENERATED BY DEFAULT AS IDENTITY PRIMARY KEY,
  product_id    BIGINT NOT NULL,
  buyer_user_id INTEGER,
  quantity      INTEGER NOT NULL DEFAULT 1,
  total_amount  NUMERIC(14,2) NOT NULL DEFAULT 0.00,
  currency      CHAR(3) NOT NULL DEFAULT 'IQD',
  status        VARCHAR(20) NOT NULL DEFAULT 'pending'
                 CHECK (status IN ('pending','approved','processing','completed','cancelled')),
  buyer_note    TEXT,
  created_at    TIMESTAMP NOT NULL DEFAULT CURRENT_TIMESTAMP,
  updated_at    TIMESTAMP NOT NULL DEFAULT CURRENT_TIMESTAMP
);
CREATE INDEX idx_marketplace_orders_product ON marketplace_orders(product_id);
CREATE INDEX idx_marketplace_orders_buyer   ON marketplace_orders(buyer_user_id);
CREATE INDEX idx_marketplace_orders_status  ON marketplace_orders(status);
CREATE TRIGGER trg_marketplace_orders_updated_at
  BEFORE UPDATE ON marketplace_orders
  FOR EACH ROW EXECUTE FUNCTION set_updated_at();

CREATE TABLE marketplace_products (
  id                  BIGINT GENERATED BY DEFAULT AS IDENTITY PRIMARY KEY,
  seller_user_id      INTEGER,
  beneficiary_case_id BIGINT,
  name                VARCHAR(255) NOT NULL,
  name_ar             VARCHAR(255),
  description         TEXT,
  description_ar      TEXT,
  category            VARCHAR(128),
  price               NUMERIC(14,2) NOT NULL DEFAULT 0.00,
  currency            CHAR(3) NOT NULL DEFAULT 'IQD',
  image_path          VARCHAR(500),
  stock_quantity      INTEGER,
  status              VARCHAR(16) NOT NULL DEFAULT 'pending'
                       CHECK (status IN ('draft','pending','approved','rejected','sold_out','hidden')),
  created_at          TIMESTAMP NOT NULL DEFAULT CURRENT_TIMESTAMP,
  updated_at          TIMESTAMP NOT NULL DEFAULT CURRENT_TIMESTAMP,
  name_sorani         TEXT,
  name_badini         TEXT,
  description_sorani  TEXT,
  description_badini  TEXT
);
CREATE INDEX idx_marketplace_products_seller ON marketplace_products(seller_user_id);
CREATE INDEX idx_marketplace_products_case   ON marketplace_products(beneficiary_case_id);
CREATE INDEX idx_marketplace_products_status ON marketplace_products(status);
CREATE TRIGGER trg_marketplace_products_updated_at
  BEFORE UPDATE ON marketplace_products
  FOR EACH ROW EXECUTE FUNCTION set_updated_at();

CREATE TABLE marriage_profiles (
  id                  BIGINT GENERATED BY DEFAULT AS IDENTITY PRIMARY KEY,
  user_id             INTEGER NOT NULL,
  profile_code        VARCHAR(64) NOT NULL UNIQUE,
  gender              VARCHAR(64),
  age                 INTEGER,
  city                VARCHAR(128),
  social_summary      TEXT,
  private_notes       TEXT,
  visibility_level    VARCHAR(32) NOT NULL DEFAULT 'employee_only'
                       CHECK (visibility_level IN ('private','employee_only','matched_summary')),
  subscription_status VARCHAR(16) NOT NULL DEFAULT 'free'
                       CHECK (subscription_status IN ('free','paid','waived')),
  status              VARCHAR(20) NOT NULL DEFAULT 'submitted'
                       CHECK (status IN ('submitted','under_review','active','paused','matched','rejected','closed')),
  created_at          TIMESTAMP NOT NULL DEFAULT CURRENT_TIMESTAMP,
  updated_at          TIMESTAMP NOT NULL DEFAULT CURRENT_TIMESTAMP
);
CREATE INDEX idx_marriage_profiles_user   ON marriage_profiles(user_id);
CREATE INDEX idx_marriage_profiles_status ON marriage_profiles(status);
CREATE TRIGGER trg_marriage_profiles_updated_at
  BEFORE UPDATE ON marriage_profiles
  FOR EACH ROW EXECUTE FUNCTION set_updated_at();

CREATE TABLE media_posts (
  id                 BIGINT GENERATED BY DEFAULT AS IDENTITY PRIMARY KEY,
  title              VARCHAR(255) NOT NULL,
  title_ar           VARCHAR(255),
  body               TEXT,
  body_ar            TEXT,
  post_type          VARCHAR(16) NOT NULL DEFAULT 'news'
                      CHECK (post_type IN ('news','activity','event','article','video')),
  media_url          VARCHAR(500),
  link_url           VARCHAR(500),
  event_date         DATE,
  status             VARCHAR(16) NOT NULL DEFAULT 'published'
                      CHECK (status IN ('draft','published','hidden')),
  created_by_user_id INTEGER,
  created_at         TIMESTAMP NOT NULL DEFAULT CURRENT_TIMESTAMP,
  updated_at         TIMESTAMP NOT NULL DEFAULT CURRENT_TIMESTAMP,
  title_sorani       TEXT,
  title_badini       TEXT,
  body_sorani        TEXT,
  body_badini        TEXT
);
CREATE INDEX idx_media_posts_type_status ON media_posts(post_type, status);
CREATE INDEX idx_media_posts_event_date  ON media_posts(event_date);
CREATE TRIGGER trg_media_posts_updated_at
  BEFORE UPDATE ON media_posts
  FOR EACH ROW EXECUTE FUNCTION set_updated_at();

-- OTP storage (Go backend uses this for the OTP flow; not in MySQL dump)
CREATE TABLE otp_codes (
  phone       VARCHAR(64) PRIMARY KEY,
  code_hash   VARCHAR(255) NOT NULL,
  mode        VARCHAR(16)  NOT NULL DEFAULT 'real'
                CHECK (mode IN ('real','demo')),
  attempts    INTEGER      NOT NULL DEFAULT 0,
  sent_at     TIMESTAMP    NOT NULL DEFAULT CURRENT_TIMESTAMP,
  expires_at  TIMESTAMP    NOT NULL
);
CREATE INDEX idx_otp_codes_expires ON otp_codes(expires_at);

CREATE TABLE otp_ip_rate_limit (
  ip_address    VARCHAR(45) PRIMARY KEY,
  window_start  BIGINT      NOT NULL,
  request_count INTEGER     NOT NULL DEFAULT 0
);

CREATE TABLE partners (
  id                  BIGINT GENERATED BY DEFAULT AS IDENTITY PRIMARY KEY,
  name                VARCHAR(255) NOT NULL,
  name_ar             VARCHAR(255),
  partner_type        VARCHAR(128),
  contact_phone       VARCHAR(64),
  website             VARCHAR(500),
  description         TEXT,
  description_ar      TEXT,
  logo_path           VARCHAR(500),
  status              VARCHAR(16) NOT NULL DEFAULT 'active'
                       CHECK (status IN ('pending','active','hidden')),
  created_at          TIMESTAMP NOT NULL DEFAULT CURRENT_TIMESTAMP,
  updated_at          TIMESTAMP NOT NULL DEFAULT CURRENT_TIMESTAMP,
  name_sorani         TEXT,
  name_badini         TEXT,
  description_sorani  TEXT,
  description_badini  TEXT
);
CREATE INDEX idx_partners_status ON partners(status);
CREATE INDEX idx_partners_type   ON partners(partner_type);
CREATE TRIGGER trg_partners_updated_at
  BEFORE UPDATE ON partners
  FOR EACH ROW EXECUTE FUNCTION set_updated_at();

CREATE TABLE sponsorships (
  id                  BIGINT GENERATED BY DEFAULT AS IDENTITY PRIMARY KEY,
  donor_user_id       INTEGER,
  beneficiary_case_id BIGINT,
  project_request_id  BIGINT,
  sponsorship_type    VARCHAR(128) NOT NULL,
  amount              NUMERIC(14,2) NOT NULL DEFAULT 0.00,
  currency            CHAR(3) NOT NULL DEFAULT 'IQD',
  schedule_interval   VARCHAR(16) NOT NULL DEFAULT 'monthly'
                       CHECK (schedule_interval IN ('weekly','monthly','quarterly','yearly')),
  next_due_date       DATE,
  status              VARCHAR(16) NOT NULL DEFAULT 'pending'
                       CHECK (status IN ('pending','active','paused','delayed','stopped','completed','cancelled')),
  notes               TEXT,
  created_at          TIMESTAMP NOT NULL DEFAULT CURRENT_TIMESTAMP,
  updated_at          TIMESTAMP NOT NULL DEFAULT CURRENT_TIMESTAMP
);
CREATE INDEX idx_sponsorships_donor      ON sponsorships(donor_user_id);
CREATE INDEX idx_sponsorships_case       ON sponsorships(beneficiary_case_id);
CREATE INDEX idx_sponsorships_project    ON sponsorships(project_request_id);
CREATE INDEX idx_sponsorships_status_due ON sponsorships(status, next_due_date);
CREATE TRIGGER trg_sponsorships_updated_at
  BEFORE UPDATE ON sponsorships
  FOR EACH ROW EXECUTE FUNCTION set_updated_at();

CREATE TABLE support_tickets (
  id         BIGINT GENERATED BY DEFAULT AS IDENTITY PRIMARY KEY,
  user_id    INTEGER,
  subject    VARCHAR(255) NOT NULL,
  message    TEXT NOT NULL,
  status     VARCHAR(16) NOT NULL DEFAULT 'open'
              CHECK (status IN ('open','in_progress','resolved','closed')),
  created_at TIMESTAMP NOT NULL DEFAULT CURRENT_TIMESTAMP,
  updated_at TIMESTAMP NOT NULL DEFAULT CURRENT_TIMESTAMP
);
CREATE INDEX idx_support_tickets_user   ON support_tickets(user_id);
CREATE INDEX idx_support_tickets_status ON support_tickets(status);
CREATE TRIGGER trg_support_tickets_updated_at
  BEFORE UPDATE ON support_tickets
  FOR EACH ROW EXECUTE FUNCTION set_updated_at();

CREATE TABLE user_device_tokens (
  id              BIGINT GENERATED BY DEFAULT AS IDENTITY PRIMARY KEY,
  user_id         INTEGER NOT NULL,
  role_id         INTEGER,
  phone_number    VARCHAR(64),
  locale_code     VARCHAR(16),
  content_locale  VARCHAR(16),
  device_token    VARCHAR(512) NOT NULL,
  platform        VARCHAR(32),
  device_id       VARCHAR(128),
  app_version     VARCHAR(64),
  is_active       SMALLINT NOT NULL DEFAULT 1,
  created_at      TIMESTAMP NOT NULL DEFAULT CURRENT_TIMESTAMP,
  updated_at      TIMESTAMP NOT NULL DEFAULT CURRENT_TIMESTAMP,
  last_seen_at    TIMESTAMP DEFAULT CURRENT_TIMESTAMP,
  CONSTRAINT uq_user_device_token UNIQUE (user_id, device_token)
);
CREATE INDEX idx_user_device_tokens_user   ON user_device_tokens(user_id);
CREATE INDEX idx_user_device_tokens_role   ON user_device_tokens(role_id);
CREATE INDEX idx_user_device_tokens_active ON user_device_tokens(is_active);
CREATE INDEX idx_user_device_tokens_phone  ON user_device_tokens(phone_number);
CREATE INDEX idx_user_device_tokens_locale ON user_device_tokens(locale_code, content_locale);
CREATE TRIGGER trg_user_device_tokens_updated_at
  BEFORE UPDATE ON user_device_tokens
  FOR EACH ROW EXECUTE FUNCTION set_updated_at();

CREATE TABLE user_profile_audit_logs (
  id             BIGINT GENERATED BY DEFAULT AS IDENTITY PRIMARY KEY,
  user_id        INTEGER NOT NULL,
  actor_source   VARCHAR(32) NOT NULL DEFAULT 'user',
  actor_user_id  INTEGER,
  changed_field  VARCHAR(64) NOT NULL,
  old_value      TEXT,
  new_value      TEXT,
  metadata_json  TEXT,
  created_at     TIMESTAMP NOT NULL DEFAULT CURRENT_TIMESTAMP
);
CREATE INDEX idx_user_profile_audit_logs_user    ON user_profile_audit_logs(user_id);
CREATE INDEX idx_user_profile_audit_logs_field   ON user_profile_audit_logs(changed_field);
CREATE INDEX idx_user_profile_audit_logs_created ON user_profile_audit_logs(created_at);

CREATE TABLE volunteer_applications (
  id                BIGINT GENERATED BY DEFAULT AS IDENTITY PRIMARY KEY,
  user_id           INTEGER,
  full_name         VARCHAR(255) NOT NULL,
  phone             VARCHAR(64),
  city              VARCHAR(128),
  skills            TEXT,
  skill_tags        TEXT,
  other_skill       TEXT,
  experience        TEXT,
  availability      TEXT,
  cv_link           VARCHAR(500),
  cv_file_path      VARCHAR(255),
  cv_original_name  VARCHAR(255),
  status            VARCHAR(16) NOT NULL DEFAULT 'submitted'
                     CHECK (status IN ('submitted','approved','rejected','inactive')),
  created_at        TIMESTAMP NOT NULL DEFAULT CURRENT_TIMESTAMP,
  updated_at        TIMESTAMP NOT NULL DEFAULT CURRENT_TIMESTAMP
);
CREATE INDEX idx_volunteer_applications_user   ON volunteer_applications(user_id);
CREATE INDEX idx_volunteer_applications_status ON volunteer_applications(status);
CREATE TRIGGER trg_volunteer_applications_updated_at
  BEFORE UPDATE ON volunteer_applications
  FOR EACH ROW EXECUTE FUNCTION set_updated_at();

CREATE TABLE volunteer_missions (
  id                  BIGINT GENERATED BY DEFAULT AS IDENTITY PRIMARY KEY,
  title               VARCHAR(255) NOT NULL,
  title_ar            VARCHAR(255),
  description         TEXT,
  description_ar      TEXT,
  city                VARCHAR(128),
  mission_date        DATE,
  needed_volunteers   INTEGER,
  status              VARCHAR(16) NOT NULL DEFAULT 'open'
                       CHECK (status IN ('draft','open','closed','completed','cancelled')),
  created_at          TIMESTAMP NOT NULL DEFAULT CURRENT_TIMESTAMP,
  updated_at          TIMESTAMP NOT NULL DEFAULT CURRENT_TIMESTAMP,
  title_sorani        TEXT,
  title_badini        TEXT,
  project_request_id  BIGINT,
  description_sorani  TEXT,
  description_badini  TEXT
);
CREATE INDEX idx_volunteer_missions_status_date     ON volunteer_missions(status, mission_date);
CREATE INDEX idx_volunteer_missions_project_request ON volunteer_missions(project_request_id);
CREATE TRIGGER trg_volunteer_missions_updated_at
  BEFORE UPDATE ON volunteer_missions
  FOR EACH ROW EXECUTE FUNCTION set_updated_at();

CREATE TABLE volunteer_mission_signups (
  id                       BIGINT GENERATED BY DEFAULT AS IDENTITY PRIMARY KEY,
  user_id                  INTEGER NOT NULL,
  mission_id               BIGINT NOT NULL,
  status                   VARCHAR(24) NOT NULL DEFAULT 'pending'
                            CHECK (status IN ('pending','approved','rejected','joined','completion_requested','cancelled','completed','no_show')),
  notes                    TEXT,
  volunteer_completion_note TEXT,
  created_at               TIMESTAMP NOT NULL DEFAULT CURRENT_TIMESTAMP,
  updated_at               TIMESTAMP NOT NULL DEFAULT CURRENT_TIMESTAMP,
  checked_in_at            TIMESTAMP,
  completion_requested_at  TIMESTAMP,
  completed_at             TIMESTAMP,
  hours_served             NUMERIC(8,2) NOT NULL DEFAULT 0.00,
  CONSTRAINT uq_volunteer_mission_signups_user_mission UNIQUE (user_id, mission_id)
);
CREATE INDEX idx_volunteer_mission_signups_user    ON volunteer_mission_signups(user_id);
CREATE INDEX idx_volunteer_mission_signups_mission ON volunteer_mission_signups(mission_id);
CREATE INDEX idx_volunteer_mission_signups_status  ON volunteer_mission_signups(status);
CREATE TRIGGER trg_volunteer_mission_signups_updated_at
  BEFORE UPDATE ON volunteer_mission_signups
  FOR EACH ROW EXECUTE FUNCTION set_updated_at();

-- ============================================================
-- 3. SEED DATA (from xvixypmy_human_on_host_source.sql)
-- ============================================================

INSERT INTO users (id, phone, role_id, active, is_admin, created_at) VALUES
(1, '9647508582031', 1, 1, 1, '2026-03-14 09:00:00'),  -- Sizar Ahmed: admin
(2, '9647502213355', 2, 1, 0, '2026-03-15 10:00:00'),
(3, '9647508869654', 3, 1, 0, '2026-03-16 11:00:00'),
(4, '9647503369874', 1, 1, 0, '2026-03-17 14:00:00'),
(5, '9647503362135', 2, 1, 0, '2026-03-18 15:30:00'),
(6, '9647502253361', 3, 1, 0, '2026-03-19 16:00:00');

INSERT INTO user_profiles (id, user_id, full_name, gender, address, profile_picture) VALUES
(1, 1, 'Sizar Ahmed', 'Male', 'Erbil, Iraq', '/images/seed/sizar_profile.png'),
(2, 2, 'Zaid Rasheed', 'Male', 'Duhok, Iraq', '/images/seed/zaid_profile.png'),
(3, 3, 'Aram Karim', 'Male', 'Sulaymaniyah, Iraq', '/images/seed/aram_profile.png'),
(4, 4, 'Lana Hassan', 'Female', 'Erbil, Iraq', '/images/seed/lana_profile.png'),
(5, 5, 'Diyar Saleh', 'Male', 'Kirkuk, Iraq', '/images/seed/diyar_profile.png'),
(6, 6, 'Hana Mohammed', 'Female', 'Mosul, Iraq', '/images/seed/hana_profile.png');

INSERT INTO user_device_tokens (id, user_id, role_id, phone_number, locale_code, content_locale, device_token, platform, device_id, app_version, is_active, created_at, updated_at, last_seen_at) VALUES
(1, 1, 1, '9647508582031', 'en',  'en',  'seed_fcm_token_sizar_111111111111111111111111111111', 'android', 'device_sizar_001', '1.0.0', 1, '2026-03-14 09:01:00', '2026-05-10 12:00:00', '2026-05-10 12:00:00'),
(2, 2, 2, '9647502213355', 'ar',  'ar',  'seed_fcm_token_zaid_2222222222222222222222222222222', 'android', 'device_zaid_001',  '1.0.0', 1, '2026-03-15 10:01:00', '2026-05-11 08:30:00', '2026-05-11 08:30:00'),
(3, 3, 3, '9647508869654', 'ckb', 'ckb', 'seed_fcm_token_aram_3333333333333333333333333333333', 'ios',     'device_aram_001',  '1.0.0', 1, '2026-03-16 11:01:00', '2026-05-12 14:00:00', '2026-05-12 14:00:00'),
(4, 4, 1, '9647503369874', 'en',  'en',  'seed_fcm_token_lana_4444444444444444444444444444444', 'ios',     'device_lana_001',  '1.0.0', 1, '2026-03-17 14:01:00', '2026-05-12 18:00:00', '2026-05-12 18:00:00'),
(5, 5, 2, '9647503362135', 'kmr', 'kmr', 'seed_fcm_token_diyar_555555555555555555555555555555', 'android', 'device_diyar_001', '1.0.0', 1, '2026-03-18 15:31:00', '2026-05-12 09:00:00', '2026-05-12 09:00:00'),
(6, 6, 3, '9647502253361', 'ar',  'ar',  'seed_fcm_token_hana_6666666666666666666666666666666', 'android', 'device_hana_001',  '1.0.0', 1, '2026-03-19 16:01:00', '2026-05-12 20:00:00', '2026-05-12 20:00:00');

INSERT INTO app_notification_devices (id, user_id, role_id, fcm_token, platform, is_active, created_at, updated_at) VALUES
(1, 1, 1, 'seed_fcm_token_sizar_111111111111111111111111111111', 'android', 1, '2026-03-14 09:01:00', '2026-05-10 12:00:00'),
(2, 2, 2, 'seed_fcm_token_zaid_2222222222222222222222222222222', 'android', 1, '2026-03-15 10:01:00', '2026-05-11 08:30:00'),
(3, 3, 3, 'seed_fcm_token_aram_3333333333333333333333333333333', 'ios',     1, '2026-03-16 11:01:00', '2026-05-12 14:00:00'),
(4, 4, 1, 'seed_fcm_token_lana_4444444444444444444444444444444', 'ios',     1, '2026-03-17 14:01:00', '2026-05-12 18:00:00'),
(5, 5, 2, 'seed_fcm_token_diyar_555555555555555555555555555555', 'android', 1, '2026-03-18 15:31:00', '2026-05-12 09:00:00'),
(6, 6, 3, 'seed_fcm_token_hana_6666666666666666666666666666666', 'android', 1, '2026-03-19 16:01:00', '2026-05-12 20:00:00');

INSERT INTO campaigns_category (id, category_en, category_ar) VALUES
(1, 'Emergency Relief', 'إغاثة طارئة'),
(2, 'Health',           'صحة'),
(3, 'Education',        'تعليم'),
(4, 'Food Aid',         'مساعدات غذائية'),
(5, 'Shelter',          'مأوى'),
(6, 'Orphan Care',      'رعاية الأيتام');

INSERT INTO campaigns (id, title, title_ar, description, description_ar, address, beneficiaries, goal_amount, raised_amount, title_sorani, title_badini, description_sorani, description_badini) VALUES
(1, 'Winter Relief for Displaced Families',
    'إغاثة الشتاء للعائلات النازحة',
    'Provide blankets, heaters and warm clothes for 200 families before winter.',
    'توفير البطانيات والمدافئ والملابس الدافئة لـ 200 عائلة قبل الشتاء.',
    'Erbil - Harsham Camp', '200 families', '5000000', '150000',
    'یارمەتیی زستان بۆ خێزانە ئاوارەکان',
    'هاریکاریا زڤستانێ بۆ مالباتێن ئاوارە',
    'دابینکردنی پەتوو و سۆبە و جلوبەرگی گەرم بۆ ٢٠٠ خێزان پێش زستان.',
    'پێشکێشکرنا بەتانی و سۆپە و جلکێن گەرم بۆ ٢٠٠ مالباتان بەری زڤستانێ.'),
(2, 'Clean Water Wells for Rural Villages',
    'حفر آبار مياه نظيفة للقرى الريفية',
    'Drill 3 deep water wells to serve 5 remote villages in Duhok province.',
    'حفر 3 آبار مياه عميقة لخدمة 5 قرى نائية في محافظة دهوك.',
    'Duhok - Sumel District', '5 villages', '8000000', '320000',
    'بیری ئاوی پاک بۆ گوندە دوورەدەستەکان',
    'بیرێن ئاڤا پاقژ بۆ گوندێن دویرئاهتی',
    'لێدانی ٣ بیری ئاوی قوڵ بۆ خزمەتکردنی ٥ گوندی دوورەدەست لە پارێزگای دهۆک.',
    'لێدانا ٣ بیرێن ئاڤا قویل بۆ خزمەتکرنا ٥ گوندێن دویری ل پارێزگەها دهۆکێ.'),
(3, 'School Supplies for Orphan Children',
    'لوازم مدرسية للأطفال الأيتام',
    'Backpacks, books and uniforms for 150 orphan students starting the new school year.',
    'حقائب وكتب وزي مدرسي لـ 150 طالبًا يتيمًا في بداية العام الدراسي الجديد.',
    'Sulaymaniyah - Bakrajo', '150 children', '3000000', '275000',
    'پێداویستی قوتابخانە بۆ منداڵە هەتیوەکان',
    'پێدڤیێن خواندنگەهێ بۆ زاروکێن هەتیڤ',
    'جانتا و کتێب و یۆنیفۆرم بۆ ١٥٠ قوتابی هەتیو لە سەرەتای ساڵی نوێی خوێندن.',
    'چەنتە و پەرتویک و یونیفۆرم بۆ ١٥٠ خوێندکارێن هەتیڤ ل سەرەتایا سالا نوی یا خواندنێ.'),
(4, 'Medical Aid for Cancer Patients',
    'مساعدات طبية لمرضى السرطان',
    'Cover chemotherapy and medication costs for 30 patients at Hiwa Hospital.',
    'تغطية تكاليف العلاج الكيميائي والأدوية لـ 30 مريضًا في مستشفى هيوا.',
    'Sulaymaniyah - Hiwa Hospital', '30 patients', '12000000', '450000',
    'یارمەتیی پزیشکی بۆ نەخۆشانی شێرپەنجە',
    'هاریکاریا پزیشکی بۆ نەخۆشێن شێرپەنجەیێ',
    'پۆشینەوەی تێچووی کیمیادەرمانی و دەرمان بۆ ٣٠ نەخۆش لە نەخۆشخانەی هیوا.',
    'پارا کیماویدەرمانی و دەرمانان بۆ ٣٠ نەخۆشان ل نەخۆشخانا هیوایێ.');

INSERT INTO campaings_datas (id, user_id, liked, comment, created_at) VALUES
(1, 1, 12, 3, '2026-03-20 10:00:00'),
(2, 4, 18, 5, '2026-03-21 11:00:00'),
(3, 1,  9, 2, '2026-03-22 12:00:00'),
(4, 4, 25, 7, '2026-03-23 13:00:00');

INSERT INTO donations (id, reference_number, user_id, campaign_id, donation_kind, is_recurring, recurring_interval, message, amount, payment_status, delivery_status, payment_method, impact_note, transaction_date) VALUES
(1, 'DON-2026-0001', 1, 1, 'campaign', 0, 'none',    'Stay warm this winter.',        '50000',  2, 'received',  'fastpay',       'Blankets distributed.',             '2026-04-01 10:15:00'),
(2, 'DON-2026-0002', 4, 1, 'campaign', 0, 'none',    'For the camp families.',        '100000', 2, 'delivered', 'zaincash',      'Heaters delivered.',                '2026-04-05 14:20:00'),
(3, 'DON-2026-0003', 1, 2, 'campaign', 1, 'monthly', 'Monthly support for water.',    '200000', 2, 'received',  'bank_transfer', 'Drilling started village 1.',       '2026-04-10 09:00:00'),
(4, 'DON-2026-0004', 4, 2, 'campaign', 0, 'none',    'Clean water for kids.',         '120000', 2, 'delivered', 'fastpay',       'Well 2 completed.',                 '2026-04-15 16:30:00'),
(5, 'DON-2026-0005', 1, 3, 'campaign', 0, 'none',    'Education matters.',            '75000',  2, 'received',  'fib',           'Backpacks bought.',                 '2026-04-20 11:00:00'),
(6, 'DON-2026-0006', 4, 3, 'campaign', 0, 'none',    'For the kids.',                 '200000', 2, 'delivered', 'zaincash',      'Uniforms delivered to 80 kids.',    '2026-04-25 13:00:00'),
(7, 'DON-2026-0007', 1, 4, 'campaign', 0, 'none',    'Praying for recovery.',         '250000', 2, 'delivered', 'bank_transfer', 'Treatment funded for 5 patients.',  '2026-05-01 10:45:00'),
(8, 'DON-2026-0008', 4, 4, 'campaign', 1, 'monthly', 'Monthly for hospital.',         '200000', 2, 'received',  'fastpay',       'Pending treatment cycle.',          '2026-05-08 09:15:00');

INSERT INTO beneficiary_cases (id, user_id, case_code, public_title, public_title_ar, full_name, national_id, phone, city, district, address, family_members_count, income_amount, housing_status, work_status, health_status, education_status, actual_needs, priority_level, verification_status, public_visibility, review_notes, reviewed_by_user_id, reviewed_at, created_at, updated_at, public_title_sorani, public_title_badini) VALUES
(1, 2, 'CASE-2026-001',
 'Family of 7 needs winter heating',
 'عائلة من 7 أشخاص بحاجة إلى تدفئة شتوية',
 'Zaid Rasheed', '199012345678', '9647502213355',
 'Duhok', 'Sumel',
 'Sumel District, Street 12, House 45',
 7, 180000.00, 'rented', 'day_labor',
 'Father has chronic back injury, unable to work full-time.',
 'Three children in primary school.',
 'Heater, blankets, monthly food support for winter months.',
 'high', 'approved', 'summary',
 'Verified by field officer on 2026-04-02.',
 NULL, '2026-04-02 12:00:00',
 '2026-03-25 10:00:00', '2026-04-02 12:00:00',
 'خێزانی ٧ کەسی پێویستی بە گەرمکردنەوەی زستانە',
 'مالباتا ٧ کەسێ پێدڤیا گەرمکرنا زڤستانێیە'),
(2, 5, 'CASE-2026-002',
 'Widow supporting 3 children',
 'أرملة تعيل ثلاثة أطفال',
 'Diyar Saleh (case for sister)', '198507654321', '9647503362135',
 'Kirkuk', 'Domiz',
 'Domiz Neighborhood, Block 4',
 4, 95000.00, 'family_owned', 'unemployed',
 'Generally healthy, eldest daughter has asthma.',
 'Children in school years 1, 3, 5.',
 'Monthly food basket, school supplies, occasional medical support.',
 'urgent', 'approved', 'summary',
 'Re-verified on home visit.',
 NULL, '2026-04-05 10:00:00',
 '2026-03-28 11:00:00', '2026-04-05 10:00:00',
 'بێوەژنێک سەرپەرشتیی ٣ منداڵ دەکات',
 'بێژن یا ل سەرپەرشتیا ٣ زاروکان دکەت');

INSERT INTO beneficiary_case_documents (id, case_id, document_type, file_path, public_allowed, uploaded_by_user_id, created_at) VALUES
(1, 1, 'national_id',    '/uploads/seed/case1_national_id.pdf', 0, 2, '2026-03-25 10:15:00'),
(2, 1, 'income_proof',   '/uploads/seed/case1_income.pdf',      0, 2, '2026-03-25 10:20:00'),
(3, 2, 'national_id',    '/uploads/seed/case2_national_id.pdf', 0, 5, '2026-03-28 11:15:00'),
(4, 2, 'medical_report', '/uploads/seed/case2_medical.pdf',     0, 5, '2026-03-28 11:20:00');

INSERT INTO beneficiary_project_requests (
  id, user_id,
  project_title, project_title_ar, category, category_ar,
  summary, summary_ar, description_long, description_long_ar,
  amount_needed, raised_amount, currency,
  location, location_ar, beneficiary_community_name, beneficiary_community_name_ar,
  people_affected_total, male_count, female_count,
  volunteer_age_profile, volunteer_age_profile_ar,
  volunteer_skills_knowledge, volunteer_skills_knowledge_ar,
  people_volunteers_extra_description, people_volunteers_extra_description_ar,
  timeline_target, timeline_target_ar,
  contact_person_name, contact_person_name_ar, contact_phone, contact_email,
  other_notes, other_notes_ar,
  status, like_count, comment_count, created_at, updated_at,
  project_title_sorani, project_title_badini,
  category_sorani, category_badini,
  summary_sorani, summary_badini,
  description_long_sorani, description_long_badini,
  location_sorani, location_badini,
  beneficiary_community_name_sorani, beneficiary_community_name_badini,
  volunteer_age_profile_sorani, volunteer_age_profile_badini,
  volunteer_skills_knowledge_sorani, volunteer_skills_knowledge_badini,
  people_volunteers_extra_description_sorani, people_volunteers_extra_description_badini,
  timeline_target_sorani, timeline_target_badini,
  contact_person_name_sorani, contact_person_name_badini,
  other_notes_sorani, other_notes_badini
) VALUES
(1, 2,
 'Solar Panels for Off-Grid Village School',
 'ألواح شمسية لمدرسة قرية خارج الشبكة',
 'Education / Infrastructure',
 'تعليم / بنية تحتية',
 'Install solar panels at Sersink village school so kids can study after sunset.',
 'تركيب ألواح شمسية في مدرسة قرية سيرسنك حتى يتمكن الأطفال من الدراسة بعد الغروب.',
 'The village school serves 80 children across 4 grade levels. Currently there is no electricity after 6pm, which prevents evening study and extra-curricular activity. We need 12 solar panels, batteries and an inverter system. Local volunteers can help install.',
 'تخدم مدرسة القرية 80 طفلًا في 4 صفوف. لا توجد كهرباء بعد الساعة السادسة مساءً، مما يمنع الدراسة المسائية والأنشطة الإضافية. نحتاج إلى 12 لوحًا شمسيًا وبطاريات ونظام عاكس. يمكن للمتطوعين المحليين المساعدة في التركيب.',
 4500000.00, 800000, 'IQD',
 'Duhok - Sersink Village', 'دهوك - قرية سيرسنك',
 'Sersink Village Community', 'مجتمع قرية سيرسنك',
 80, 42, 38,
 'Adults 20-45 years old', 'بالغون 20-45 سنة',
 'Electrical wiring, basic carpentry, project management',
 'تمديدات كهربائية، نجارة أساسية، إدارة مشاريع',
 'We need 3 trained electricians plus 5 helpers.',
 'نحتاج إلى 3 كهربائيين مدربين بالإضافة إلى 5 مساعدين.',
 '60 days from approval', '60 يومًا من الموافقة',
 'Zaid Rasheed', 'زيد رشيد', '9647502213355', 'zaid.r@example.org',
 'Local council has approved the installation site.',
 'المجلس المحلي وافق على موقع التركيب.',
 'submitted', 14, 3, '2026-04-10 09:00:00', '2026-05-01 12:00:00',
 'پانێڵی خۆر بۆ قوتابخانەی گوندی دەرەوەی تۆڕ',
 'پانێلێن رۆژێ بۆ خواندنگەها گوندێ دەرڤەیی تۆرێ',
 'پەروەردە / ژێرخان', 'پەروەردە / ژێرخان',
 'پانێڵی خۆر دامەزراندن لە قوتابخانەی گوندی سێرسنک بۆ ئەوەی منداڵان بتوانن دوای خۆرئاوابوون بخوێنن.',
 'دامەزراندنا پانێلێن رۆژێ ل خواندنگەها گوندێ سێرسنکێ بۆ کو زاروک بشێن پشتی خوارئاڤابوینێ بخوینن.',
 'قوتابخانەی گوند خزمەتی ٨٠ منداڵی ٤ پۆلی دەکات. کارەبا نییە دوای کاتژمێر ٦ ئێوارە، کە ڕێگری لە خوێندنی ئێوارە و چالاکی پاڵپشتی دەکات. پێویستمان بە ١٢ پانێڵی خۆر و باتری و سیستەمی ئینڤرتەرە. خۆبەخشانی ناوخۆیی دەتوانن یارمەتی بدەن.',
 'خواندنگەها گوندی خزمەتا ٨٠ زاروکان دکەت ل ٤ پۆلان. کارەبا نینە پشتی کاتژمێر ٦ ئێڤارێ، یا کو ڕێگر دبیتە ل خواندنا ئێڤاری و چالاکیێن پاڵپشتی. پێدڤیە بمە ب ١٢ پانێلێن رۆژێ و باتریا و سیستەما ئینڤرتەرێ. خۆبەخشێن نوخوویی دشێن هاریکاریا کن.',
 'دهۆک - گوندی سێرسنک', 'دهۆک - گوندێ سێرسنکێ',
 'کۆمەڵگەی گوندی سێرسنک', 'کۆمەلگەها گوندێ سێرسنکێ',
 'گەنجان ٢٠-٤٥ ساڵ', 'گەنجێن ٢٠-٤٥ سالان',
 'سیمکێشی کارەبا، دارتاشی سادە، بەڕێوەبردنی پڕۆژە',
 'سیمکێشانا کارەبایێ، دارتاشیا سادە، ڕێڤەبرنا پڕۆژەیێ',
 'پێویستمان بە ٣ کارەباگەری ڕاهێنراو و ٥ یارمەتیدەرە.',
 'پێدڤیە بمە ب ٣ کارەباگەرێن ڕاهێنراو و ٥ هاریکاران.',
 '٦٠ ڕۆژ لە دوای پەسەندکردن', '٦٠ ڕۆژان پشتی پەسەندکرنێ',
 'زەید ڕەشید', 'زەید ڕەشید',
 'ئەنجومەنی ناوخۆیی شوێنی دامەزراندنیان پەسەند کردووە.',
 'ئەنجومەنا نوخوویی جهێ دامەزراندنێ پەسەند کرە.'),
(2, 5,
 'Sewing Workshop for Widowed Women',
 'ورشة خياطة للنساء الأرامل',
 'Livelihoods / Women',
 'سبل العيش / النساء',
 'Set up a sewing workshop where 20 widowed women can earn income for their families.',
 'إنشاء ورشة خياطة حيث يمكن لـ 20 أرملة كسب الدخل لعائلاتهن.',
 'We will rent a 60 sqm space, buy 10 sewing machines, fabric stock, and run a 2-month training before opening for commercial work. Beneficiaries keep 70% of profit, 30% goes back to maintain the workshop.',
 'سنستأجر مساحة 60 مترًا مربعًا، ونشتري 10 ماكينات خياطة ومخزون أقمشة، وندير تدريبًا لمدة شهرين قبل البدء بالعمل التجاري. تحتفظ المستفيدات بـ 70% من الربح، و 30% يعود لصيانة الورشة.',
 3200000.00, 450000, 'IQD',
 'Kirkuk - Domiz Neighborhood', 'كركوك - حي دوميز',
 'Widowed Women Group - Domiz', 'مجموعة النساء الأرامل - دوميز',
 20, 0, 20,
 'Women 25-55 years old', 'نساء 25-55 سنة',
 'Sewing, tailoring, basic accounting, marketing',
 'خياطة، تفصيل، محاسبة أساسية، تسويق',
 'We need a senior tailor as trainer (paid) and 2 volunteer mentors for accounting.',
 'نحتاج إلى خياط أقدم كمدرب (مدفوع الأجر) و 2 مرشدين متطوعين للمحاسبة.',
 '90 days', '90 يومًا',
 'Diyar Saleh', 'ديار صالح', '9647503362135', 'diyar.s@example.org',
 'Local women association will help with recruitment.',
 'جمعية النساء المحلية ستساعد في التوظيف.',
 'under_review', 22, 5, '2026-04-15 10:00:00', '2026-05-05 14:00:00',
 'وۆرکشۆپی دروومان بۆ ژنانی بێوەژن', 'وۆرکشۆپا دروومانێ بۆ ژنێن بێوەژن',
 'بژێوی / ژنان', 'بژێڤی / ژن',
 'دامەزراندنی وۆرکشۆپێکی دروومان کە ٢٠ ژنی بێوەژن بتوانن داهات بۆ خێزانەکانیان بەدەستبهێنن.',
 'دامەزراندنا وۆرکشۆپا دروومانێ کو ٢٠ ژنێن بێوەژن بشێن داهاتێ بۆ مالباتێن خۆ پەیدا کن.',
 'شوێنێکی ٦٠ مەتر چوارگۆشە بە کرێ دەگرین، ١٠ ماکینەی دروومان دەکڕین، کۆگای پارچە دەکڕین، و ڕاهێنانێکی ٢ مانگ بەڕێوە دەبەین پێش دەستپێکی کاری بازرگانی.',
 'جهەکێ ٦٠ مەترێ چوارگۆشە ب کرێ دگرین، ١٠ ماشینێن دروومانێ دکڕین، ئەمبارا پارچەیی، و ڕاهێنانێ ٢ مەهان ڕێڤە دبەین بەرى دەستپێکا کارێ بازرگانی.',
 'کەرکوک - گەڕەکی دۆمیز', 'کرکوک - تاخا دۆمیزێ',
 'گرووپی ژنانی بێوەژن - دۆمیز', 'گروپا ژنێن بێوەژن - دۆمیز',
 'ژنان ٢٥-٥٥ ساڵ', 'ژنێن ٢٥-٥٥ سالان',
 'دروومان، تەرزی، ژمێریاری سادە، بازاڕکردن', 'دروومان، تەرزی، حەسابێن سادە، بازاڕکرن',
 'پێویستمان بە دەرزیدۆزێکی پسپۆڕ وەک ڕاهێنەر و ٢ ڕێنوێنی خۆبەخش بۆ ژمێریارییە.',
 'پێدڤیە بمە ب تەرزیێ پسپۆر وەکی ڕاهێنەر و ٢ ڕێنیڤیسێن خۆبەخش بۆ حەسابان.',
 '٩٠ ڕۆژ', '٩٠ ڕۆژان',
 'دیار ساڵح', 'دیار سالح',
 'کۆمەڵەی ژنانی ناوخۆیی یارمەتی لە دامەزراندن دەدات.',
 'کۆمەلا ژنێن نوخوویی دێ هاریکاریا دامەزراندنێ کەت.');

INSERT INTO beneficiary_project_request_likes (id, project_request_id, user_id, created_at) VALUES
(1, 1, 1, '2026-04-11 10:00:00'),
(2, 1, 3, '2026-04-11 11:00:00'),
(3, 1, 4, '2026-04-12 09:30:00'),
(4, 1, 6, '2026-04-13 16:00:00'),
(5, 2, 1, '2026-04-16 10:00:00'),
(6, 2, 3, '2026-04-17 11:00:00'),
(7, 2, 4, '2026-04-18 13:00:00');

INSERT INTO beneficiary_project_request_comments (id, project_request_id, user_id, parent_comment_id, body, is_deleted, created_at, updated_at) VALUES
(1, 1, 1, NULL, 'Great initiative — happy to contribute monthly.',         0, '2026-04-12 10:00:00', '2026-04-12 10:00:00'),
(2, 1, 4, NULL, 'Will the panels also power a water pump?',                0, '2026-04-13 14:00:00', '2026-04-13 14:00:00'),
(3, 1, 2, 2,    'Yes — the inverter system covers the school pump too.',   0, '2026-04-13 16:00:00', '2026-04-13 16:00:00'),
(4, 2, 4, NULL, 'I can mentor on bookkeeping side. Count me in.',          0, '2026-04-16 12:00:00', '2026-04-16 12:00:00'),
(5, 2, 1, NULL, 'Would love to see photos when the workshop opens.',       0, '2026-04-18 09:00:00', '2026-04-18 09:00:00');

INSERT INTO marketplace_products (id, seller_user_id, beneficiary_case_id, name, name_ar, description, description_ar, category, price, currency, image_path, stock_quantity, status, created_at, updated_at, name_sorani, name_badini, description_sorani, description_badini) VALUES
(1, 5, 2,
 'Handwoven Kurdish Carpet 100x150cm',
 'سجاد كردي يدوي 100x150 سم',
 'Hand-woven wool carpet in traditional Kurdish patterns. Made by widowed mothers in Domiz workshop.',
 'سجاد صوف يدوي بأنماط كردية تقليدية. صنع بأيدي الأمهات الأرامل في ورشة دوميز.',
 'home_textiles', 85000.00, 'IQD',
 '/images/seed/product_carpet.jpg', 5, 'approved',
 '2026-04-01 10:00:00', '2026-05-01 10:00:00',
 'فەرشی دەستکردی کوردی ١٠٠x١٥٠ سم',
 'فەرشێ دەستی یێ کوردی ١٠٠x١٥٠ سم',
 'فەرشی خوری دەستکراو بە نەخشە کوردی نەریتی. لەلایەن دایکانی بێوەژنی وۆرکشۆپی دۆمیز دروست کراوە.',
 'فەرشێ خوریێ دەستی ب نەخشێن کوردی یێن کەڤن. ل وۆرکشۆپا دایکێن بێوەژن ل دۆمیزێ هاتیە چێکرن.'),
(2, 5, 2,
 'Embroidered Cushion Cover',
 'غطاء وسادة مطرز',
 'Cotton cushion cover with traditional embroidery. Available in 4 patterns.',
 'غطاء وسادة قطني مع تطريز تقليدي. متوفر بـ 4 أنماط.',
 'home_textiles', 18000.00, 'IQD',
 '/images/seed/product_cushion.jpg', 20, 'approved',
 '2026-04-05 11:00:00', '2026-05-01 10:00:00',
 'پۆشاکی بالیف بە دروومان',
 'پۆشینا بالیفێ ب دروومانێ',
 'پۆشاکی بالیفی پەمبووی لەگەڵ دروومانی نەریتی. لە ٤ نەخشە بەردەستە.',
 'پۆشینا بالیفا پاموقی دگەل دروومانێ یا کەڤن. د ٤ نەخشان دا بەردەستە.'),
(3, 2, 1,
 'Honey Jar 500g (Wild Mountain)',
 'مرطبان عسل 500غ (جبلي بري)',
 'Pure mountain honey harvested from Duhok highlands. No additives.',
 'عسل جبلي نقي يحصد من مرتفعات دهوك. بدون إضافات.',
 'food_pantry', 32000.00, 'IQD',
 '/images/seed/product_honey.jpg', 12, 'approved',
 '2026-04-10 09:00:00', '2026-05-01 10:00:00',
 'گۆزەی هەنگوین ٥٠٠گ (چیای کێوی)',
 'گۆزا هەنگڤینێ ٥٠٠گ (چیایێ کیڤی)',
 'هەنگوینی پاکی چیا کە لە بەرزایی دهۆک کۆکراوەتەوە. بێ هیچ زیادکردن.',
 'هەنگڤینێ پاقژێ چیایی یێ ل بەرزاهیێن دهۆکێ هاتیە کوکرن. بێ زێدەکرن.'),
(4, 5, NULL,
 'Handmade Soap Set (4 pieces)',
 'مجموعة صابون يدوي (4 قطع)',
 'Olive oil base, natural scents: lavender, mint, rose, lemon.',
 'أساس زيت الزيتون، عطور طبيعية: لافندر، نعناع، ورد، ليمون.',
 'beauty_care', 15000.00, 'IQD',
 '/images/seed/product_soap.jpg', 30, 'approved',
 '2026-04-15 12:00:00', '2026-05-01 10:00:00',
 'سێتی سابوونی دەستکردی (٤ پارچە)',
 'سێتا سابوونا دەستی (٤ پارچە)',
 'بنکەی زەیتی زەیتوون، بۆنی سروشتی: لاڤەندەر، پونگ، گوڵ، لیمۆ.',
 'بنکا زەیتێ زەیتوونان، بێهنێن سروشتی: لاڤەندەر، پونگ، گول، لیمۆ.'),
(5, 2, NULL,
 'Goat Cheese (vacuum packed)',
 'جبن ماعز (مفرغ من الهواء)',
 'Traditional goat cheese from family farm. 250g vacuum sealed.',
 'جبن ماعز تقليدي من مزرعة عائلية. 250 جرام معبأ بالتفريغ.',
 'food_pantry', 24000.00, 'IQD',
 '/images/seed/product_cheese.jpg', 8, 'pending',
 '2026-05-05 13:00:00', '2026-05-05 13:00:00',
 'پەنیری بزن (پاکێتکراو)',
 'پەنیرێ بزنا (پاکێتکری)',
 'پەنیری بزنی نەریتی لە کێڵگەی خێزانی. ٢٥٠ گرام پاکێتکراو.',
 'پەنیرێ بزنا یێ کەڤن ژ کێڵگەها مالباتیێ. ٢٥٠ گرام پاکێتکری.');

INSERT INTO marketplace_orders (id, product_id, buyer_user_id, quantity, total_amount, currency, status, buyer_note, created_at, updated_at) VALUES
(1, 1, 1, 1, 85000.00, 'IQD', 'completed',  'Please ship to Erbil office.',     '2026-04-20 10:00:00', '2026-04-22 12:00:00'),
(2, 4, 1, 2, 30000.00, 'IQD', 'completed',  'Gift wrap if possible.',           '2026-04-25 13:00:00', '2026-04-27 09:00:00'),
(3, 3, 4, 3, 96000.00, 'IQD', 'processing', 'For the office team.',             '2026-05-02 14:00:00', '2026-05-05 10:00:00'),
(4, 2, 4, 4, 72000.00, 'IQD', 'pending',    'Mix of all four patterns please.', '2026-05-10 11:00:00', '2026-05-10 11:00:00');

INSERT INTO volunteer_applications (id, user_id, full_name, phone, city, skills, skill_tags, other_skill, experience, availability, cv_link, cv_file_path, cv_original_name, status, created_at, updated_at) VALUES
(1, 3, 'Aram Karim',    '9647508869654', 'Sulaymaniyah', 'Logistics, driving, basic first aid', 'logistics,driving,first_aid',     NULL,          '2 years with Kurdish Red Crescent.',  'Weekends and evenings',  NULL, '/uploads/seed/cv_aram.pdf', 'aram_cv.pdf', 'approved',  '2026-03-20 10:00:00', '2026-03-25 10:00:00'),
(2, 6, 'Hana Mohammed', '9647502253361', 'Mosul',        'Translation (AR/EN), social media',   'translation,social_media,content','Photography', '1 year volunteering with local schools.', 'Mon/Wed/Fri afternoons', NULL, '/uploads/seed/cv_hana.pdf', 'hana_cv.pdf', 'approved',  '2026-03-22 11:00:00', '2026-03-26 11:00:00'),
(3, 1, 'Sizar Ahmed',   '9647508582031', 'Erbil',        'Donor and occasional helper',         'donor_helper',                    NULL,          'New to volunteering.',                'Flexible',               NULL, NULL,                         NULL,          'submitted', '2026-05-01 09:00:00', '2026-05-01 09:00:00');

INSERT INTO volunteer_missions (id, title, title_ar, description, description_ar, city, mission_date, needed_volunteers, status, created_at, updated_at, title_sorani, title_badini, project_request_id, description_sorani, description_badini) VALUES
(1,
 'Winter Blankets Distribution - Harsham Camp',
 'توزيع بطانيات الشتاء - مخيم هرشم',
 'Distribute 200 blankets and heaters to displaced families. Need helpers for loading/unloading and registration.',
 'توزيع 200 بطانية ومدافئ على العائلات النازحة. نحتاج إلى مساعدين للتحميل والتفريغ والتسجيل.',
 'Erbil', '2026-05-25', 8, 'open',
 '2026-04-20 10:00:00', '2026-05-01 10:00:00',
 'دابەشکردنی بەتانی زستان - کەمپی هەرشەم',
 'بەلاڤکرنا بەتانیێن زڤستانێ - کەمپا هەرشەم',
 NULL,
 'دابەشکردنی ٢٠٠ بەتانی و سۆبە بۆ خێزانە ئاوارەکان. پێویستمان بە یارمەتیدەرە بۆ بارکردن/داگرتن و تۆمارکردن.',
 'بەلاڤکرنا ٢٠٠ بەتانیێن و سۆپێن بۆ مالباتێن ئاوارە. پێدڤیە بمە ب هاریکاران بۆ بارکرن/دائینان و تۆمارکرنێ.'),
(2,
 'Solar Panel Installation - Sersink School',
 'تركيب الألواح الشمسية - مدرسة سيرسنك',
 'Help install 12 solar panels and wire the inverter system. Electricians and helpers needed.',
 'المساعدة في تركيب 12 لوحًا شمسيًا وتوصيل نظام العاكس. مطلوب كهربائيين ومساعدين.',
 'Duhok', '2026-06-15', 5, 'open',
 '2026-04-25 10:00:00', '2026-05-05 10:00:00',
 'دامەزراندنی پانێڵی خۆر - قوتابخانەی سێرسنک',
 'دامەزراندنا پانێلێن رۆژێ - خواندنگەها سێرسنکێ',
 1,
 'یارمەتیدان بۆ دامەزراندنی ١٢ پانێڵی خۆر و سیمکێشانی سیستەمی ئینڤرتەر. پێویستمان بە کارەباگەری و یارمەتیدەرە.',
 'هاریکاریا دامەزراندنا ١٢ پانێلێن رۆژێ و سیمکێشانا سیستەما ئینڤرتەرێ. پێدڤیە ب کارەباگەران و هاریکاران.'),
(3,
 'Food Basket Distribution - Ramadan',
 'توزيع سلال غذائية - رمضان',
 'Pack and distribute 500 Ramadan food baskets across 4 neighborhoods.',
 'تعبئة وتوزيع 500 سلة غذاء رمضانية في 4 أحياء.',
 'Mosul', '2026-04-05', 12, 'completed',
 '2026-03-15 10:00:00', '2026-04-10 12:00:00',
 'دابەشکردنی سەبەتە خۆراکی - ڕەمەزان',
 'بەلاڤکرنا سەبەتێن خوارنێ - ڕەمەزانێ',
 NULL,
 'پاکێتکردن و دابەشکردنی ٥٠٠ سەبەتە خۆراکی ڕەمەزانی لە ٤ گەڕەک.',
 'پاکێتکرن و بەلاڤکرنا ٥٠٠ سەبەتێن خوارنا ڕەمەزانێ ل ٤ تاخان.');

INSERT INTO volunteer_mission_signups (id, user_id, mission_id, status, notes, volunteer_completion_note, created_at, updated_at, checked_in_at, completion_requested_at, completed_at, hours_served) VALUES
(1, 3, 1, 'approved',  'Coming with own van for transport.', NULL,                                       '2026-04-22 10:00:00', '2026-04-25 11:00:00', NULL,                  NULL,                  NULL,                  0.00),
(2, 6, 1, 'approved',  'Will help with registration desk.',  NULL,                                       '2026-04-23 10:00:00', '2026-04-25 11:00:00', NULL,                  NULL,                  NULL,                  0.00),
(3, 3, 2, 'pending',   'Available all day.',                 NULL,                                       '2026-05-01 10:00:00', '2026-05-01 10:00:00', NULL,                  NULL,                  NULL,                  0.00),
(4, 6, 3, 'completed', 'Done.',                             'Distributed 80 baskets, no incidents.',     '2026-03-20 10:00:00', '2026-04-10 12:00:00', '2026-04-05 08:00:00', '2026-04-05 17:00:00', '2026-04-06 09:00:00', 9.00);

INSERT INTO partners (id, name, name_ar, partner_type, contact_phone, website, description, description_ar, logo_path, status, created_at, updated_at, name_sorani, name_badini, description_sorani, description_badini) VALUES
(1, 'Kurdistan Red Crescent', 'الهلال الأحمر الكردستاني', 'ngo',           '9647501234567', 'https://krc.example.org',     'Emergency response and humanitarian logistics partner.', 'شريك الاستجابة للطوارئ واللوجستيات الإنسانية.', '/images/seed/partner_krc.png',  'active', '2026-02-01 10:00:00', '2026-04-01 10:00:00',
 'هیلالی سووری کوردستان', 'هیلالا سور یا کوردستانێ',
 'هاوبەشی وەڵامدانەوەی فریاکەوتن و لۆجستیکی مرۆیی.',
 'هەڤپشکێ ڤەگەراندنا کارا فریاکەفتن و لۆجستیکا مرۆیی.'),
(2, 'Erbil Chamber of Commerce', 'غرفة تجارة أربيل', 'business_chamber', '9647505555555', 'https://ercci.example.org',   'Local business community partner supporting marketplace and livelihoods.', 'شريك مجتمع الأعمال المحلي يدعم السوق وسبل العيش.', '/images/seed/partner_ercc.png', 'active', '2026-02-10 11:00:00', '2026-04-01 10:00:00',
 'ژووری بازرگانی هەولێر', 'ژورا بازرگانیا هەولێرێ',
 'هاوبەشی کۆمەڵگەی بازرگانی ناوخۆیی پاڵپشتی بازاڕ و بژێوی دەکات.',
 'هەڤپشکێ کۆمەلگەها بازرگانیا نوخوویی یا پاڵپشتیا بازارێ و بژێڤیێ دکەت.'),
(3, 'Hiwa Hospital Foundation', 'مؤسسة مستشفى هيوا', 'health',           '9647507777777', 'https://hiwafound.example.org','Cancer treatment medical partner in Sulaymaniyah.', 'شريك طبي لعلاج السرطان في السليمانية.', '/images/seed/partner_hiwa.png', 'active', '2026-02-15 12:00:00', '2026-04-01 10:00:00',
 'دامەزراوەی نەخۆشخانەی هیوا', 'دامەزراڤا نەخۆشخانا هیوایێ',
 'هاوبەشی پزیشکی چارەسەری شێرپەنجە لە سلێمانی.',
 'هەڤپشکێ پزیشکی چارەسەرکرنا شێرپەنجەیێ ل سلێمانیێ.');

INSERT INTO sponsorships (id, donor_user_id, beneficiary_case_id, project_request_id, sponsorship_type, amount, currency, schedule_interval, next_due_date, status, notes, created_at, updated_at) VALUES
(1, 1, 1,    NULL, 'family_monthly', 75000.00,  'IQD', 'monthly', '2026-06-01', 'active',  'Sponsoring Zaid family monthly food + utilities.', '2026-04-01 10:00:00', '2026-05-01 10:00:00'),
(2, 4, 2,    NULL, 'orphan_monthly', 50000.00,  'IQD', 'monthly', '2026-06-05', 'active',  'Supporting the three children school fees.',      '2026-04-05 10:00:00', '2026-05-05 10:00:00'),
(3, 4, NULL, 1,    'project',        100000.00, 'IQD', 'monthly', '2026-06-10', 'pending', 'Pending first invoice for solar panel project.',   '2026-04-15 10:00:00', '2026-04-15 10:00:00');

INSERT INTO in_kind_donations (id, donor_user_id, category, item_name, quantity, condition_note, pickup_address, status, notes, created_at, updated_at) VALUES
(1, 1, 'clothes',         'Winter jackets',     '30 pieces', 'New, with tags',  'Erbil, 60m Street, Building 14', 'received',  'Donor delivered to warehouse.',  '2026-04-10 10:00:00', '2026-04-12 11:00:00'),
(2, 4, 'school_supplies', 'Notebooks and pens', '5 boxes',   'Brand new',       'Erbil, Italian Village 2',       'scheduled', 'Pickup scheduled for next Mon.', '2026-05-05 10:00:00', '2026-05-08 10:00:00');

INSERT INTO marriage_profiles (id, user_id, profile_code, gender, age, city, social_summary, private_notes, visibility_level, subscription_status, status, created_at, updated_at) VALUES
(1, 3, 'MARR-2026-001', 'Male', 28, 'Sulaymaniyah',
 'University graduate (Engineering). Active volunteer. Looking for educated, family-oriented partner.',
 'Employee verified by phone interview on 2026-04-10.',
 'employee_only', 'paid', 'active',
 '2026-04-01 10:00:00', '2026-04-10 12:00:00');

INSERT INTO media_posts (id, title, title_ar, body, body_ar, post_type, media_url, link_url, event_date, status, created_by_user_id, created_at, updated_at, title_sorani, title_badini, body_sorani, body_badini) VALUES
(1, 'Winter Campaign Officially Launched',
    'انطلاق رسمي لحملة الشتاء',
    'On April 1st we launched the winter relief campaign in partnership with the Kurdistan Red Crescent. First batch of blankets already on the way.',
    'في الأول من نيسان أطلقنا حملة إغاثة الشتاء بالشراكة مع الهلال الأحمر الكردستاني. الدفعة الأولى من البطانيات في الطريق بالفعل.',
    'news', '/images/seed/news_winter.jpg', NULL, '2026-04-01', 'published', NULL,
    '2026-04-01 12:00:00', '2026-04-01 12:00:00',
    'دەستپێکی فەرمی هەڵمەتی زستان', 'دەستپێکا فەرمی یا کەمپینا زڤستانێ',
    'لە ١ی نیسان هەڵمەتی یارمەتیی زستانمان بە هاوبەشی هیلالی سووری کوردستان دەستپێکرد. یەکەم ژمارەی بەتانییەکان لە ڕێگادایە.',
    'ل ١ یا نیسانێ کەمپینا یارمەتیا زڤستانێ دگەل هیلالا سور یا کوردستانێ دەستپێکر. کۆما ئێکێ یا بەتانیان د ڕیێ دایە.'),
(2, 'Solar Panel Project Reaches 800,000 IQD',
    'مشروع الألواح الشمسية يصل إلى 800,000 دينار',
    'Thanks to 14 supporters, the Sersink village solar project crossed 18% of its goal. Long way to go but momentum is building.',
    'بفضل 14 داعمًا، تجاوز مشروع الألواح الشمسية لقرية سيرسنك 18% من هدفه. الطريق طويل لكن الزخم يتزايد.',
    'activity', '/images/seed/news_solar.jpg', NULL, NULL, 'published', NULL,
    '2026-05-01 14:00:00', '2026-05-01 14:00:00',
    'پڕۆژەی پانێڵی خۆر دەگاتە ٨٠٠,٠٠٠ دینار', 'پڕۆژا پانێلێن رۆژێ دگەهیتە ٨٠٠,٠٠٠ دیناران',
    'سوپاس بۆ ١٤ پاڵپشت، پڕۆژەی پانێڵی خۆری گوندی سێرسنک ١٨٪ی ئامانجی تێپەڕاند. ڕێگا دوورە بەڵام بزاوت زیاد دەبێت.',
    'سپاس بۆ ١٤ پاڵپشتان، پڕۆژا پانێلێن رۆژێ یا گوندێ سێرسنکێ ١٨٪ یا ئارمانجێ خۆ بەهۆرکر. ڕێ دویرە بەلێ بزاڤ زێدە دبیت.'),
(3, 'Ramadan Food Distribution Volunteer Day',
    'يوم التطوع لتوزيع الأغذية في رمضان',
    'Open call for volunteers to help pack and distribute 500 food baskets in Mosul on April 5.',
    'دعوة مفتوحة للمتطوعين للمساعدة في تعبئة وتوزيع 500 سلة غذائية في الموصل في 5 نيسان.',
    'event', '/images/seed/event_ramadan.jpg', NULL, '2026-04-05', 'published', NULL,
    '2026-03-20 10:00:00', '2026-03-20 10:00:00',
    'ڕۆژی خۆبەخشی دابەشکردنی خۆراکی ڕەمەزان', 'ڕۆژا خۆبەخشیا بەلاڤکرنا خوارنا ڕەمەزانێ',
    'بانگەواز بۆ خۆبەخشان بۆ یارمەتیدان لە پاکێتکردن و دابەشکردنی ٥٠٠ سەبەتە خۆراکی لە موسڵ لە ٥ی نیسان.',
    'بانگەهیشت بۆ خۆبەخشان بۆ هاریکاریا پاکێتکرن و بەلاڤکرنا ٥٠٠ سەبەتێن خوارنێ ل موسلێ ل ٥ یا نیسانێ.'),
(4, 'Hiwa Hospital Partnership Announcement',
    'إعلان شراكة مستشفى هيوا',
    'We are now officially partnered with Hiwa Hospital to support cancer patients with chemotherapy access.',
    'نحن الآن شركاء رسميون مع مستشفى هيوا لدعم مرضى السرطان في الوصول إلى العلاج الكيميائي.',
    'article', '/images/seed/news_hiwa.jpg', 'https://hiwafound.example.org/partnership', NULL, 'published', NULL,
    '2026-02-15 12:00:00', '2026-02-15 12:00:00',
    'ڕاگەیاندنی هاوبەشی نەخۆشخانەی هیوا', 'بەلاڤکرنا هەڤپشکیا نەخۆشخانا هیوایێ',
    'ئێمە ئێستا بە فەرمی هاوبەشین لەگەڵ نەخۆشخانەی هیوا بۆ پاڵپشتی نەخۆشانی شێرپەنجە لە چارەسەری کیمیادەرمانی.',
    'ئەم نوکە ب فەرمی هەڤپشکین دگەل نەخۆشخانا هیوایێ بۆ پاڵپشتیا نەخۆشێن شێرپەنجەیێ ل گەهشتنا چارەسەریا کیماویدەرمانی.');

INSERT INTO city_directory_entries (id, name, name_ar, category, city, address, phone, email, website, description, description_ar, latitude, longitude, status, created_at, updated_at, name_sorani, name_badini, description_sorani, description_badini) VALUES
(1, 'Erbil Children Hospital',          'مستشفى أربيل للأطفال',          'health',     'Erbil',        '60m Street, near Iskan',   '9647505551111', 'info@ech.example.org',  'https://ech.example.org', 'Public pediatric hospital with emergency department.', 'مستشفى أطفال عام مع قسم طوارئ.', 36.1900000, 44.0090000, 'approved', '2026-02-01 10:00:00', '2026-02-01 10:00:00',
 'نەخۆشخانەی منداڵانی هەولێر', 'نەخۆشخانا زاروکێن هەولێرێ',
 'نەخۆشخانەی گشتی منداڵان لەگەڵ بەشی فریاکەوتن.',
 'نەخۆشخانا گشتی یا زاروکان دگەل بەشێ فریاکەفتنێ.'),
(2, 'Sulaymaniyah Public Library',      'مكتبة السليمانية العامة',       'education',  'Sulaymaniyah', 'Salim Street',             '9647505552222', NULL,                    NULL,                      'City public library with free wifi and reading rooms.', 'مكتبة المدينة العامة مع واي فاي مجاني وقاعات قراءة.', 35.5611111, 45.4347222, 'approved', '2026-02-01 10:00:00', '2026-02-01 10:00:00',
 'کتێبخانەی گشتی سلێمانی', 'پەرتویکخانا گشتی یا سلێمانیێ',
 'کتێبخانەی شار لەگەڵ وایفای بەخۆڕایی و هۆڵی خوێندنەوە.',
 'پەرتویکخانا شاری دگەل وایفایێ بێ بەرامبەر و هۆڵێن خواندنێ.'),
(3, 'Duhok Vocational Training Center', 'مركز التدريب المهني دهوك',     'training',   'Duhok',        'Malta Quarter',           '9647505553333', 'vtc@duhok.example.org', NULL,                      'Free vocational courses: carpentry, electrical, sewing, IT basics.', 'دورات مهنية مجانية: نجارة، كهرباء، خياطة، أساسيات تكنولوجيا المعلومات.', 36.8666667, 42.9833333, 'approved', '2026-02-01 10:00:00', '2026-02-01 10:00:00',
 'سەنتەری ڕاهێنانی پیشەیی دهۆک', 'سەنتەرا ڕاهێنانا پیشەیی یا دهۆکێ',
 'خولی پیشەیی بەخۆڕایی: دارتاشی، کارەبا، دروومان، بنەماکانی IT.',
 'خولێن پیشەیی یێن بێ بەرامبەر: دارتاشی، کارەبا، دروومان، بنەمایێن IT.'),
(4, 'Kirkuk Womens Cooperative',        'تعاونية نساء كركوك',           'cooperative','Kirkuk',       'Domiz Neighborhood',      '9647505554444', NULL,                    NULL,                      'Cooperative for handicrafts and textiles produced by women.', 'تعاونية للحرف اليدوية والمنسوجات التي تنتجها النساء.', 35.4666667, 44.4000000, 'approved', '2026-02-01 10:00:00', '2026-02-01 10:00:00',
 'کۆئۆپەراتیڤی ژنانی کەرکوک', 'کۆئۆپەراتیڤا ژنێن کرکوکێ',
 'کۆئۆپەراتیڤ بۆ دەستکردەکان و پارچە کە لەلایەن ژنانەوە دروست دەکرێن.',
 'کۆئۆپەراتیڤا بۆ دەستکردان و پارچەیێن کو ل لاییێ ژنان هاتیێ چێکرن.'),
(5, 'Mosul Free Clinic',                'عيادة الموصل المجانية',         'health',     'Mosul',        'Right Bank, near Old Souq','9647505555555', 'clinic@mosul.example.org', NULL,                   'Walk-in clinic for low-income families. Basic consultation free.', 'عيادة مفتوحة للعائلات منخفضة الدخل. الاستشارة الأساسية مجانية.', 36.3500000, 43.1500000, 'approved', '2026-02-01 10:00:00', '2026-02-01 10:00:00',
 'کلینیکی بەخۆڕایی موسڵ', 'کلینیکا بێ بەرامبەر یا موسلێ',
 'کلینیکی کراوە بۆ خێزانە کەم داهاتەکان. ڕاوێژی سەرەتایی بەخۆڕایی.',
 'کلینیکا ڤەکری بۆ مالباتێن کێم داهاتی. ڕاڤێژا سەرەتایی یا بێ بەرامبەر.');

INSERT INTO financial_expenses (id, expense_type, related_case_id, related_project_request_id, amount, currency, description, expense_date, created_by_user_id, created_at) VALUES
(1, 'beneficiary_assistance', 1,    NULL, 120000.00, 'IQD', 'Monthly support payment to Zaid family (Case-001).',          '2026-05-01', NULL, '2026-05-01 12:00:00'),
(2, 'campaign',                NULL, NULL, 350000.00, 'IQD', 'Blanket batch 1 - 50 blankets at 7000 IQD each.',             '2026-04-15', NULL, '2026-04-15 14:00:00'),
(3, 'operational',             NULL, NULL, 180000.00, 'IQD', 'Office rent April-May.',                                       '2026-04-30', NULL, '2026-04-30 09:00:00'),
(4, 'campaign',                NULL, 1,    450000.00, 'IQD', 'Solar panel deposit (project request 1).',                    '2026-05-05', NULL, '2026-05-05 10:00:00');

INSERT INTO support_tickets (id, user_id, subject, message, status, created_at, updated_at) VALUES
(1, 1, 'Cannot see donation receipt',  'Made a donation on April 1 but cannot find the receipt PDF in my history tab. Reference DON-2026-0001.', 'resolved',    '2026-04-02 11:00:00', '2026-04-03 09:00:00'),
(2, 5, 'Need to update product photo', 'Hi, the carpet photo is blurry. Can I upload a new one or send it to admin?',                            'in_progress', '2026-05-03 14:00:00', '2026-05-05 10:00:00');

INSERT INTO app_notifications (id, user_id, role_id, title, title_ar, body, body_ar, notification_type, notification_category, priority, action_url, related_entity_type, related_entity_id, is_read, read_at, created_at, title_sorani, title_badini, body_sorani, body_badini) VALUES
(1, 1, 1, 'Thank you for your donation!',
        'شكرًا لتبرعك!',
        'Your 50,000 IQD donation to Winter Relief is confirmed.',
        'تم تأكيد تبرعك بقيمة 50,000 دينار لإغاثة الشتاء.',
        'donation_confirmed', 'normal', 5, '/donations/1', 'donation', 1, 1, '2026-04-01 11:00:00', '2026-04-01 10:20:00',
        'سوپاس بۆ بەخشینەکەت!', 'سپاس بۆ بەخشینا تە!',
        'بەخشینەکەتی ٥٠,٠٠٠ دینار بۆ یارمەتیی زستان پشتڕاست کرایەوە.',
        'بەخشینا تە یا ٥٠,٠٠٠ دینار بۆ یارمەتیا زڤستانێ هاتە پشتڕاستکرن.'),
(2, 2, 2, 'Your case was approved',
        'تمت الموافقة على حالتك',
        'Case CASE-2026-001 verified and approved by admin.',
        'تم التحقق من حالة CASE-2026-001 والموافقة عليها.',
        'case_approved', 'high_priority', 10, '/cases/1', 'beneficiary_case', 1, 1, '2026-04-02 13:00:00', '2026-04-02 12:05:00',
        'کەیسەکەت پەسەند کرا', 'دۆسیا تە هاتە پەسەندکرن',
        'کەیسی CASE-2026-001 لەلایەن بەڕێوەبەرەوە پشتڕاست کراوە و پەسەند کراوە.',
        'دۆسیا CASE-2026-001 ژ لاییێ ڕێڤەبەری هاتە پشتڕاستکرن و پەسەندکرن.'),
(3, 3, 3, 'New mission near you',
        'مهمة جديدة قريبة منك',
        'Winter Blankets Distribution on May 25 in Erbil. Tap to sign up.',
        'توزيع بطانيات الشتاء في 25 أيار في أربيل. اضغط للتسجيل.',
        'mission_open', 'normal', 3, '/missions/1', 'volunteer_mission', 1, 1, '2026-04-21 09:00:00', '2026-04-20 11:00:00',
        'مەهەمەی نوێی نزیک تۆ', 'مەهەمەکا نوێ یا ل دەڤەرا تە',
        'دابەشکردنی بەتانی زستان لە ٢٥ی ئایار لە هەولێر. کلیک بکە بۆ تۆمارکردن.',
        'بەلاڤکرنا بەتانیێن زڤستانێ ل ٢٥ ئایارێ ل هەولێرێ. کلیک بکە بۆ تۆمارکرنێ.'),
(4, 4, 1, 'Monthly recurring donation reminder',
        'تذكير التبرع الشهري المتكرر',
        'Your monthly sponsorship of 50,000 IQD will be charged June 5.',
        'سيتم خصم تبرعك الشهري بقيمة 50,000 دينار في 5 حزيران.',
        'recurring_reminder', 'normal', 2, '/sponsorships/2', 'sponsorship', 2, 0, NULL, '2026-05-12 09:00:00',
        'بیرخستنەوەی بەخشینی مانگانە', 'بیرخستنا بەخشینا مەهانی',
        'بەخشینی مانگانەی تۆ بە ٥٠,٠٠٠ دینار لە ٥ی حوزەیران دەرکێش دەکرێت.',
        'بەخشینا مەهانی یا تە ب ٥٠,٠٠٠ دینار ل ٥ حەزیرانێ دێ هێتە کێشان.'),
(5, 5, 2, 'New comment on your project',
        'تعليق جديد على مشروعك',
        'Lana commented on your sewing workshop request.',
        'لانا علقت على طلب ورشة الخياطة الخاصة بك.',
        'comment_new', 'normal', 2, '/requests/2', 'project_request', 2, 1, '2026-04-17 12:00:00', '2026-04-16 12:00:00',
        'بۆچوونێکی نوێ لەسەر پڕۆژەکەت', 'گۆتنەکا نوێ ل سەر پڕۆژا تە',
        'لانا بۆچوونی لەسەر داواکاری ورشەکەی دروومان نووسیوە.',
        'لانا گۆتن یا ل سەر داخوازا وۆرکشۆپا تە یا دروومانێ نڤیسی.'),
(6, 6, 3, 'Mission completed - thank you!',
        'اكتملت المهمة - شكرًا لك!',
        'You completed Ramadan distribution with 9 hours of service.',
        'أكملت توزيع رمضان بـ 9 ساعات من الخدمة.',
        'mission_completed', 'normal', 4, '/missions/3', 'volunteer_mission', 3, 1, '2026-04-07 10:00:00', '2026-04-06 10:00:00',
        'مەهەمە تەواوبوو - سوپاست!', 'مەهەمە تەمامبوو - سپاسێ تە!',
        'تۆ دابەشکردنی ڕەمەزانت بە ٩ کاتژمێر خزمەت تەواو کرد.',
        'تە بەلاڤکرنا ڕەمەزانێ ب ٩ کاتژمێرێن خزمەتێ تەمامکر.');

INSERT INTO app_notification_reads (notification_id, user_id, read_at) VALUES
(1, 1, '2026-04-01 11:00:00'),
(2, 2, '2026-04-02 13:00:00'),
(3, 3, '2026-04-21 09:00:00'),
(5, 5, '2026-04-17 12:00:00'),
(6, 6, '2026-04-07 10:00:00');

INSERT INTO audit_log (id, event_type, severity, user_id, ip_address, user_agent, request_method, request_uri, details_json, created_at) VALUES
(1, 'login_success',         'info',    1,    '212.237.125.95', 'Dart/3.8 (dart:io)',  'POST', '/api/auth/otp/verify',           '{"phone":"9647508582031","role_id":1}',                       '2026-04-01 10:00:00'),
(2, 'donation_submit',       'info',    1,    '212.237.125.95', 'Dart/3.8 (dart:io)',  'POST', '/api/donations',                 '{"campaign_id":1,"amount":"50000"}',                          '2026-04-01 10:15:00'),
(3, 'case_review',           'info',    NULL, '93.184.216.34',  'Mozilla/5.0 (Admin)', 'POST', '/admin/cases/1/approve',         '{"case_id":1,"action":"approved"}',                            '2026-04-02 12:05:00'),
(4, 'volunteer_mission_signup','info',  3,    '188.213.45.10',  'Dart/3.8 (dart:io)',  'POST', '/api/volunteer/missions/1/signup','{"mission_id":1,"user_id":3}',                              '2026-04-22 10:00:00'),
(5, 'admin_login_failed',    'warning', NULL, '45.155.205.233', 'Mozilla/5.0',         'POST', '/admin/login/login.php',         '{"reason":"bad_password","attempted_user":"admin"}',           '2026-05-12 03:14:00');

-- ============================================================
-- 4. Sequence resets — so next auto IDs continue past the seed
-- ============================================================
SELECT setval(pg_get_serial_sequence('users',                                  'id'), 7);
SELECT setval(pg_get_serial_sequence('user_profiles',                          'id'), 7);
SELECT setval(pg_get_serial_sequence('user_device_tokens',                     'id'), 7);
SELECT setval(pg_get_serial_sequence('app_notification_devices',               'id'), 7);
SELECT setval(pg_get_serial_sequence('campaigns_category',                     'id'), 7);
SELECT setval(pg_get_serial_sequence('campaigns',                              'id'), 5);
SELECT setval(pg_get_serial_sequence('campaings_datas',                        'id'), 5);
SELECT setval(pg_get_serial_sequence('donations',                              'id'), 9);
SELECT setval(pg_get_serial_sequence('beneficiary_cases',                      'id'), 3);
SELECT setval(pg_get_serial_sequence('beneficiary_case_documents',             'id'), 5);
SELECT setval(pg_get_serial_sequence('beneficiary_project_requests',           'id'), 3);
SELECT setval(pg_get_serial_sequence('beneficiary_project_request_comments',   'id'), 6);
SELECT setval(pg_get_serial_sequence('beneficiary_project_request_likes',      'id'), 8);
SELECT setval(pg_get_serial_sequence('marketplace_products',                   'id'), 6);
SELECT setval(pg_get_serial_sequence('marketplace_orders',                     'id'), 5);
SELECT setval(pg_get_serial_sequence('volunteer_applications',                 'id'), 4);
SELECT setval(pg_get_serial_sequence('volunteer_missions',                     'id'), 4);
SELECT setval(pg_get_serial_sequence('volunteer_mission_signups',              'id'), 5);
SELECT setval(pg_get_serial_sequence('partners',                               'id'), 4);
SELECT setval(pg_get_serial_sequence('sponsorships',                           'id'), 4);
SELECT setval(pg_get_serial_sequence('in_kind_donations',                      'id'), 3);
SELECT setval(pg_get_serial_sequence('marriage_profiles',                      'id'), 2);
SELECT setval(pg_get_serial_sequence('media_posts',                            'id'), 5);
SELECT setval(pg_get_serial_sequence('city_directory_entries',                 'id'), 6);
SELECT setval(pg_get_serial_sequence('financial_expenses',                     'id'), 5);
SELECT setval(pg_get_serial_sequence('support_tickets',                        'id'), 3);
SELECT setval(pg_get_serial_sequence('app_notifications',                      'id'), 7);
SELECT setval(pg_get_serial_sequence('audit_log',                              'id'), 6);
SELECT setval(pg_get_serial_sequence('api_access_tokens',                      'id'), 1, false);
SELECT setval(pg_get_serial_sequence('user_profile_audit_logs',                'id'), 1, false);
