INSERT INTO app_notifications (id, user_id, role_id, title, title_ar, body, body_ar, notification_type, notification_category, priority, action_url, related_entity_type, related_entity_id, is_read, read_at, created_at) VALUES
(8, 1, NULL, 'Beneficiary case rejected', 'تم رفض حالة المستفيد', 'Your beneficiary case "fdf" was rejected by the admin.', 'تم رفض حالة المستفيد "fdsf" من قبل الإدارة.', 'beneficiary_case', 'normal', 0, NULL, NULL, NULL, 1, NULL, '2026-04-14 11:22:23'),
(9, 1, NULL, 'Beneficiary case approved', 'تمت الموافقة على حالة المستفيد', 'Your beneficiary case "fdf" was approved by the admin.', 'تمت الموافقة على حالة المستفيد "fdsf" من قبل الإدارة.', 'beneficiary_case', 'normal', 0, NULL, NULL, NULL, 1, NULL, '2026-04-14 11:25:44'),
(10, 3, NULL, 'Project request approved', 'تمت الموافقة على طلب المشروع', 'Your project request "Water For all" was approved by the admin.', 'تمت الموافقة على طلب المشروع "fdsf" من قبل الإدارة.', 'project_request', 'normal', 0, NULL, NULL, NULL, 1, NULL, '2026-04-14 11:52:47'),
(11, 1, NULL, 'Donation approved', 'تم قبول التبرع', 'Your 200,000 IQD donation for Water For all was approved. Reference: DON-20260414-BDC460EB.', 'تم قبول تبرعك بمبلغ 200,000 IQD إلى fdsf. الرقم المرجعي: DON-20260414-BDC460EB.', 'donation', 'normal', 0, NULL, NULL, NULL, 1, NULL, '2026-04-14 11:57:01'),
(12, 1, NULL, 'Sponsorship accepted', 'تم قبول الكفالة', 'Your 5000.00 IQD monthly sponsorship for Water For all was accepted by the admin. We will remind you when each monthly payment is due.', 'تم قبول كفالتك الشهرية بمبلغ 5000.00 IQD لـ fdsf من قبل الإدارة. سنذكرك عند موعد كل دفعة شهرية.', 'sponsorship', 'normal', 0, NULL, NULL, NULL, 1, NULL, '2026-04-14 12:24:28'),
(13, 1, NULL, 'Donation approved', 'تم قبول التبرع', 'Your 20,000 IQD donation for Water For all was approved. Reference: DON-20260414-5B498795.', 'تم قبول تبرعك بمبلغ 20,000 IQD إلى fdsf. الرقم المرجعي: DON-20260414-5B498795.', 'donation', 'normal', 0, NULL, NULL, NULL, 1, NULL, '2026-04-14 13:31:15'),
(14, 1, NULL, 'Donation approved', 'تم قبول التبرع', 'Your 20,000 IQD donation for Water For all was approved. Reference: DON-20260414-468E9991.', 'تم قبول تبرعك بمبلغ 20,000 IQD إلى fdsf. الرقم المرجعي: DON-20260414-468E9991.', 'donation', 'normal', 0, NULL, NULL, NULL, 1, NULL, '2026-04-14 13:32:01'),
(15, 1, NULL, 'aaa', 'a', 'a', 'a', 'general', 'normal', 0, NULL, NULL, NULL, 1, NULL, '2026-04-14 13:34:27'),
(16, 1, NULL, 'a', 'a', 'a', 'a', 'general', 'normal', 0, NULL, NULL, NULL, 1, NULL, '2026-04-14 13:39:52'),
(17, 1, NULL, 'a', 'a', 'a', 'a', 'general', 'normal', 0, NULL, NULL, NULL, 1, NULL, '2026-04-14 13:40:30'),
(18, 1, NULL, 'a', 'a', 'a', 'a', 'general', 'normal', 0, NULL, NULL, NULL, 1, NULL, '2026-04-14 13:41:58'),
(19, 1, NULL, 'Marketplace order approved', 'تمت الموافقة على طلب السوق', 'Your marketplace order #15 for 3 x Hacky Sack was approved. Total: 15000.00 IQD.', 'تمت الموافقة على طلب السوق رقم 15 للمنتج Hacky Sack بكمية 3. المجموع: 15000.00 IQD.', 'marketplace_order', 'normal', 0, NULL, NULL, NULL, 1, NULL, '2026-04-14 15:12:10'),
(20, 1, NULL, 'Marketplace order approved', 'تمت الموافقة على طلب السوق', 'Your marketplace order #14 for 2 x ExclusiveLane was approved. Total: 10000.00 IQD.', 'تمت الموافقة على طلب السوق رقم 14 للمنتج ExclusiveLane بكمية 2. المجموع: 10000.00 IQD.', 'marketplace_order', 'normal', 0, NULL, NULL, NULL, 1, NULL, '2026-04-14 15:12:14'),
(21, 1, NULL, 'Marketplace order approved', 'تمت الموافقة على طلب السوق', 'Your marketplace order #13 for 2 x Hacky Sack was approved. Total: 8000.00 IQD.', 'تمت الموافقة على طلب السوق رقم 13 للمنتج Hacky Sack بكمية 2. المجموع: 8000.00 IQD.', 'marketplace_order', 'normal', 0, NULL, NULL, NULL, 1, NULL, '2026-04-14 15:12:15'),
(22, 1, NULL, 'Marketplace order approved', 'تمت الموافقة على طلب السوق', 'Your marketplace order #12 for 1 x T-shirt was approved. Total: 15000.00 IQD.', 'تمت الموافقة على طلب السوق رقم 12 للمنتج T-shirt بكمية 1. المجموع: 15000.00 IQD.', 'marketplace_order', 'normal', 0, NULL, NULL, NULL, 1, NULL, '2026-04-14 15:12:16'),
(23, 1, NULL, 'Donation approved', 'تم قبول التبرع', 'Your 100,000 IQD donation for Water For all was approved. Reference: DON-20260414-6B4C7C3E.', 'تم قبول تبرعك بمبلغ 100,000 IQD إلى fdsf. الرقم المرجعي: DON-20260414-6B4C7C3E.', 'donation', 'normal', 0, NULL, NULL, NULL, 1, NULL, '2026-04-14 15:14:48'),
(24, 1, NULL, 'Sponsorship cancelled', 'تم إلغاء الكفالة', 'Your monthly sponsorship for Water For all was cancelled.', 'تم إلغاء كفالتك الشهرية لـ fdsf.', 'sponsorship_cancelled', 'normal', 0, NULL, NULL, NULL, 1, NULL, '2026-04-15 09:04:10'),
(25, 1, NULL, 'Sponsorship request submitted', 'تم إرسال طلب الكفالة', 'Your 2,000 IQD monthly sponsorship for General support was sent for admin review.', 'تم إرسال طلب كفالتك الشهرية بمبلغ 2,000 IQD لـ الدعم العام لمراجعة الإدارة.', 'sponsorship_submitted:4', 'normal', 0, NULL, NULL, NULL, 1, NULL, '2026-04-15 10:38:45'),
(26, 1, NULL, 'Sponsorship accepted', 'تم قبول الكفالة', 'Your 2000.00 IQD monthly sponsorship for General support was accepted by the admin. We will remind you when each monthly payment is due.', 'تم قبول كفالتك الشهرية بمبلغ 2000.00 IQD لـ الدعم العام من قبل الإدارة. سنذكرك عند موعد كل دفعة شهرية.', 'sponsorship', 'normal', 0, NULL, NULL, NULL, 1, NULL, '2026-04-15 10:38:54'),
(27, 1, NULL, 'Sponsorship cancelled', 'تم إلغاء الكفالة', 'Your monthly sponsorship for General support was cancelled.', 'تم إلغاء كفالتك الشهرية لـ الدعم العام.', 'sponsorship', 'normal', 0, NULL, NULL, NULL, 1, NULL, '2026-04-15 10:39:15'),
(28, NULL, NULL, 'New partner added', 'تمت إضافة شريك جديد', 'A new partner was added: HawkEnergy.', 'تمت إضافة شريك جديد: هاوک ئێنێرجی.', 'partner', 'normal', 0, NULL, NULL, NULL, 0, NULL, '2026-04-15 13:07:25'),
(29, 1, NULL, 'Support request read', 'تمت قراءة طلب الدعم', 'Your support request "logout" was read by the admin.', 'تمت قراءة طلب الدعم "logout" من قبل الإدارة.', 'support_ticket', 'normal', 0, NULL, NULL, NULL, 1, NULL, '2026-04-15 13:20:15'),
(30, 1, NULL, 'Donation approved', 'تم قبول التبرع', 'Your 20,000 IQD donation for Water For all was approved. Reference: DON-20260416-01212B1E.', 'تم قبول تبرعك بمبلغ 20,000 IQD إلى fdsf. الرقم المرجعي: DON-20260416-01212B1E.', 'donation', 'normal', 0, NULL, NULL, NULL, 0, NULL, '2026-04-16 10:50:25'),
(31, 6, NULL, 'Marketplace order approved', 'تمت الموافقة على طلب السوق', 'Your marketplace order #17 for 2 x hand made was approved. Total: 7000.00 IQD.', 'تمت الموافقة على طلب السوق رقم 17 للمنتج hand made بكمية 2. المجموع: 7000.00 IQD.', 'marketplace_order', 'normal', 0, NULL, NULL, NULL, 1, NULL, '2026-04-16 14:15:03'),
(32, 6, NULL, 'Donation approved', 'تم قبول التبرع', 'Your 100,000 IQD donation for Water For all was approved. Reference: DON-20260416-59CFD662.', 'تم قبول تبرعك بمبلغ 100,000 IQD إلى fdsf. الرقم المرجعي: DON-20260416-59CFD662.', 'donation', 'normal', 0, NULL, NULL, NULL, 1, NULL, '2026-04-16 14:16:28'),
(33, 6, NULL, 'Sponsorship request submitted', 'تم إرسال طلب الكفالة', 'Your 15,000 IQD monthly sponsorship for Water For all was sent for admin review.', 'تم إرسال طلب كفالتك الشهرية بمبلغ 15,000 IQD لـ fdsf لمراجعة الإدارة.', 'sponsorship_submitted:5', 'normal', 0, NULL, NULL, NULL, 1, NULL, '2026-04-16 14:17:10'),
(34, 6, NULL, 'Sponsorship accepted', 'تم قبول الكفالة', 'Your 15000.00 IQD monthly sponsorship for Water For all was accepted by the admin. We will remind you when each monthly payment is due.', 'تم قبول كفالتك الشهرية بمبلغ 15000.00 IQD لـ fdsf من قبل الإدارة. سنذكرك عند موعد كل دفعة شهرية.', 'sponsorship', 'normal', 0, NULL, NULL, NULL, 1, NULL, '2026-04-16 14:17:28'),
(35, 6, NULL, 'Marriage service submitted', 'تم إرسال طلب خدمة الزواج', 'Your marriage service profile M-20260416-6DD3CD was sent for admin review.', 'تم إرسال ملف خدمة الزواج M-20260416-6DD3CD لمراجعة الإدارة.', 'marriage_profile_submitted:2', 'normal', 0, NULL, NULL, NULL, 0, NULL, '2026-04-16 14:18:43'),
(36, 6, NULL, 'Marriage service approved', 'تم قبول طلب خدمة الزواج', 'Your marriage service profile M-20260416-6DD3CD was approved by the admin.', 'تم قبول ملف خدمة الزواج M-20260416-6DD3CD من قبل الإدارة.', 'marriage_profile', 'normal', 0, NULL, NULL, NULL, 0, NULL, '2026-04-16 14:19:02'),
(37, 6, NULL, 'Support request read', 'تمت قراءة طلب الدعم', 'Your support request "change my role" was read by the admin.', 'تمت قراءة طلب الدعم "change my role" من قبل الإدارة.', 'support_ticket', 'normal', 0, NULL, NULL, NULL, 0, NULL, '2026-04-16 14:19:30'),
(38, NULL, NULL, 'New post in news and activities', 'منشور جديد في الأخبار والنشاطات', 'A new post is available: new one.', 'يوجد منشور جديد: تبرعنا الجديد للفقراء.', 'media_post', 'normal', 0, NULL, NULL, NULL, 0, NULL, '2026-04-16 14:21:34'),
(39, NULL, NULL, 'iOS notification test', 'iOS notification test', 'This is a test notification from the admin dashboard.', 'This is a test notification from the admin dashboard.', 'admin_push_test', 'normal', 0, NULL, NULL, NULL, 0, NULL, '2026-04-16 15:32:10'),
(40, NULL, NULL, 'iOS notification test', 'iOS notification test', 'This is a test notification from the admin dashboard.', 'This is a test notification from the admin dashboard.', 'admin_push_test', 'normal', 0, NULL, NULL, NULL, 0, NULL, '2026-04-16 15:32:40'),
(41, NULL, NULL, 'iOS notification test', 'iOS notification test', 'This is a test notification from the admin dashboard.', 'This is a test notification from the admin dashboard.', 'admin_push_test', 'normal', 0, NULL, NULL, NULL, 0, NULL, '2026-04-16 15:33:17'),
(42, 4, 3, 'Mission join request approved', 'تم قبول طلب الانضمام للمهمة', 'Your request to join "Clean city" was approved by the admin.', 'تم قبول طلبك للانضمام إلى "Clean city" من قبل الإدارة.', 'volunteer_mission_signup', 'normal', 0, NULL, NULL, NULL, 1, NULL, '2026-04-19 10:07:03'),
(43, 10, NULL, 'Donation approved', 'تم قبول التبرع', 'Your 100,000 IQD donation for Water For all was approved. Reference: DON-20260419-BCFC9595.', 'تم قبول تبرعك بمبلغ 100,000 IQD إلى fdsf. الرقم المرجعي: DON-20260419-BCFC9595.', 'donation', 'normal', 0, NULL, NULL, NULL, 0, NULL, '2026-04-19 15:16:37'),
(44, 11, NULL, 'Marketplace order submitted', 'تم إرسال طلب السوق', 'Your marketplace order was sent for admin review.', 'تم إرسال طلب السوق الخاص بك لمراجعة الإدارة.', 'marketplace_order_submitted:18', 'normal', 0, NULL, NULL, NULL, 1, NULL, '2026-04-19 15:21:39'),
(45, 11, NULL, 'Marketplace order approved', 'تمت الموافقة على طلب السوق', 'Your marketplace order #18 for 2 x handmade crafts abroad was approved. Total: 36000.00 IQD.', 'تمت الموافقة على طلب السوق رقم 18 للمنتج handmade crafts abroad بكمية 2. المجموع: 36000.00 IQD.', 'marketplace_order', 'normal', 0, NULL, NULL, NULL, 1, NULL, '2026-04-19 15:22:20'),
(46, 11, NULL, 'Donation approved', 'تم قبول التبرع', 'Your 50,000 IQD donation for Water For all was approved. Reference: DON-20260419-9D3C924D.', 'تم قبول تبرعك بمبلغ 50,000 IQD إلى fdsf. الرقم المرجعي: DON-20260419-9D3C924D.', 'donation', 'normal', 0, NULL, NULL, NULL, 0, NULL, '2026-04-19 15:33:13');

INSERT INTO app_notification_reads (notification_id, user_id, read_at) VALUES
(28, 1, '2026-04-15 13:07:37'),
(28, 3, '2026-04-18 09:09:03'),
(28, 4, '2026-04-19 10:04:56'),
(28, 5, '2026-04-16 12:16:18'),
(28, 6, '2026-04-16 14:16:36'),
(28, 7, '2026-04-16 14:20:20'),
(28, 8, '2026-04-16 14:22:18'),
(28, 15, '2026-04-21 08:55:18'),
(38, 3, '2026-04-18 09:08:59'),
(38, 4, '2026-04-19 10:04:53'),
(38, 8, '2026-04-16 14:22:16'),
(38, 11, '2026-04-19 15:34:50'),
(38, 12, '2026-04-19 15:46:13'),
(38, 13, '2026-04-19 15:55:22'),
(38, 15, '2026-04-21 08:55:18'),
(39, 3, '2026-04-18 09:08:59'),
(39, 4, '2026-04-19 10:04:53'),
(39, 11, '2026-04-19 15:34:49'),
(39, 12, '2026-04-19 15:46:12'),
(39, 13, '2026-04-19 15:55:21'),
(39, 15, '2026-04-21 08:55:17'),
(40, 3, '2026-04-18 09:08:59'),
(40, 4, '2026-04-19 10:04:53'),
(40, 11, '2026-04-19 15:34:47'),
(40, 12, '2026-04-19 15:46:11'),
(40, 13, '2026-04-19 15:55:20'),
(40, 15, '2026-04-21 08:55:15'),
(41, 3, '2026-04-18 09:08:59'),
(41, 4, '2026-04-19 10:04:52'),
(41, 11, '2026-04-19 15:34:46'),
(41, 12, '2026-04-19 15:46:09'),
(41, 13, '2026-04-19 15:55:18'),
(41, 15, '2026-04-21 08:55:14');

INSERT INTO beneficiary_cases (id, user_id, case_code, public_title, public_title_ar, full_name, national_id, phone, city, district, address, family_members_count, income_amount, housing_status, work_status, health_status, education_status, actual_needs, priority_level, verification_status, public_visibility, review_notes, reviewed_by_user_id, reviewed_at, created_at, updated_at) VALUES
(1, 1, 'CASE-20260414-0CE839', 'fdf', 'fdsf', 'df', 'fsfs', 'fsfs', 'fsf', 'sfsf', 'sf', NULL, NULL, 'sfs', 'fdsafsf', 'fdsfsa', 'f', 'dad', 'medium', 'rejected', 'code_only', NULL, NULL, NULL, '2026-04-14 11:14:52', '2026-04-14 11:26:24');

INSERT INTO beneficiary_project_requests (id, user_id, project_title, project_title_ar, category, category_ar, summary, summary_ar, description_long, description_long_ar, amount_needed, raised_amount, currency, location, location_ar, beneficiary_community_name, beneficiary_community_name_ar, people_affected_total, male_count, female_count, volunteer_age_profile, volunteer_age_profile_ar, volunteer_skills_knowledge, volunteer_skills_knowledge_ar, people_volunteers_extra_description, people_volunteers_extra_description_ar, timeline_target, timeline_target_ar, contact_person_name, contact_person_name_ar, contact_phone, contact_email, other_notes, other_notes_ar, status, like_count, comment_count, created_at, updated_at) VALUES
(1, 3, 'Water For all', 'fdsf', 'Water', 'adsfd', 'nothing', 'fs', 'labor', 'fess', 750000.00, 720000, 'IQD', 'Duhok, Bazar', 'nn', 'poor people’s', 'n', 10, 5, 5, 'nn', 'n', 'non', 'n', 'nn', 'n', 'n', 'n', 'sizar dildar', 'a', '7508582030', 'Iam.sizarr@gmail.com', 'nothing', 'a', 'approved', 0, 0, '2026-04-16 12:37:06', '2026-04-19 15:33:13');

INSERT INTO city_directory_entries (id, name, name_ar, category, city, address, phone, email, website, description, description_ar, latitude, longitude, status, created_at, updated_at) VALUES
(1, 'Hope Community Center', 'مركز الأمل المجتمعي', 'Education & Training', 'Duhok', 'Malta Nasara, Near the Public Park', '07508582031', 'iam.sizarr@gmail.com', 'https://www.instagram.com/', 'Provides free language courses and vocational training for youth.', 'يقدم دورات لغة مجانية وتدريب مهني للشباب.', 36.8615000, 42.9892000, 'approved', '2026-04-14 09:53:15', '2026-04-14 10:22:54');

INSERT INTO donations (id, reference_number, user_id, campaign_id, donation_kind, is_recurring, recurring_interval, message, amount, payment_status, delivery_status, payment_method, impact_note, transaction_date) VALUES
(2, 'DON-20260414-D647F429', 1, NULL, 'general', 0, 'none', 'very good', '10000', 1, 'registered', 'Cash', NULL, '2026-04-14 13:45:48'),
(3, 'DON-20260414-6D7252D0', 1, 1, 'campaign', 0, 'none', 'ggs', '100000', 1, 'registered', 'Cash', NULL, '2026-04-14 14:47:48'),
(4, 'DON-20260414-E7E05183', 1, 1, 'campaign', 0, 'none', 'good', '10000', 1, 'registered', 'Cash', NULL, '2026-04-14 14:53:49'),
(5, 'DON-20260414-BDC460EB', 1, 1, 'campaign', 0, 'none', 'vamos!', '200000', 1, 'registered', 'Cash', NULL, '2026-04-14 14:56:51'),
(6, 'DON-20260414-5B498795', 1, 1, 'campaign', 0, 'none', 'aa', '20000', 1, 'registered', 'Cash', NULL, '2026-04-14 16:31:00'),
(7, 'DON-20260414-468E9991', 1, 1, 'campaign', 0, 'none', 'a', '20000', 1, 'registered', 'Cash', NULL, '2026-04-14 16:31:55'),
(8, 'DON-20260414-6B4C7C3E', 1, 1, 'campaign', 0, 'none', 'From sizar Dildar', '100000', 1, 'registered', 'Cash', NULL, '2026-04-14 18:14:29'),
(9, 'DON-20260416-01212B1E', 1, 1, 'campaign', 0, 'none', 'good', '20000', 1, 'registered', 'Cash', NULL, '2026-04-16 13:50:15'),
(10, 'DON-20260416-59CFD662', 6, 1, 'campaign', 0, 'none', 'good job', '100000', 1, 'registered', 'Cash', NULL, '2026-04-16 17:16:15'),
(11, 'DON-20260419-BCFC9595', 10, 1, 'campaign', 0, 'none', 'good one', '100000', 1, 'registered', 'Cash', NULL, '2026-04-19 18:16:23'),
(12, 'DON-20260419-9D3C924D', 11, 1, 'campaign', 0, 'none', 'from sizar', '50000', 1, 'registered', 'Cash', NULL, '2026-04-19 18:32:46');

INSERT INTO in_kind_donations (id, donor_user_id, category, item_name, quantity, condition_note, pickup_address, status, notes, created_at, updated_at) VALUES
(1, 1, 'Food', 'rice 5kg', '15', NULL, 'Duhok, malta', 'submitted', NULL, '2026-04-15 09:51:41', '2026-04-15 09:51:41'),
(2, 6, 'Food', 'Mahmoud rice 5kg', '10', NULL, 'Duhok, malta', 'received', NULL, '2026-04-16 14:18:08', '2026-04-16 14:18:18');

INSERT INTO marketplace_orders (id, product_id, buyer_user_id, quantity, total_amount, currency, status, buyer_note, created_at, updated_at) VALUES
(12, 21, 1, 1, 15000.00, 'IQD', 'approved', NULL, '2026-04-14 15:11:36', '2026-04-14 15:12:16'),
(13, 22, 1, 2, 8000.00, 'IQD', 'approved', NULL, '2026-04-14 15:11:40', '2026-04-14 15:12:15'),
(14, 24, 1, 2, 10000.00, 'IQD', 'approved', NULL, '2026-04-14 15:11:44', '2026-04-14 15:12:14'),
(15, 23, 1, 3, 15000.00, 'IQD', 'approved', NULL, '2026-04-14 15:11:49', '2026-04-14 15:12:10'),
(16, 26, 1, 3, 10500.00, 'IQD', 'pending', NULL, '2026-04-15 09:13:35', '2026-04-15 09:13:35'),
(17, 26, 6, 2, 7000.00, 'IQD', 'approved', NULL, '2026-04-16 14:14:42', '2026-04-16 14:15:03'),
(18, 25, 11, 2, 36000.00, 'IQD', 'approved', NULL, '2026-04-19 15:21:39', '2026-04-19 15:22:20');

INSERT INTO marketplace_products (id, seller_user_id, beneficiary_case_id, name, name_ar, description, description_ar, category, price, currency, image_path, stock_quantity, status, created_at, updated_at) VALUES
(21, NULL, NULL, 'T-shirt', 'تیشێرت', 'good', 'گەلەک جانە', 'clothes', 15000.00, 'IQD', 'images/marketplace_product_20260414135259_4ec91063.jpeg', 16, 'approved', '2026-04-14 13:52:59', '2026-04-14 13:56:41'),
(22, NULL, NULL, 'Hacky Sack', 'جزدانک', 'very good', 'گەلەک باشە', NULL, 4000.00, 'IQD', 'images/marketplace_product_20260414140721_fd1c62b5.jpeg', 20, 'approved', '2026-04-14 14:07:21', '2026-04-14 14:07:21'),
(23, NULL, NULL, 'Hacky Sack', 'جزدانک', 'very good', 'گەلەکا باشە', NULL, 5000.00, 'IQD', 'images/marketplace_product_20260414140855_baf8d976.jpeg', 15, 'approved', '2026-04-14 14:08:55', '2026-04-14 14:08:55'),
(24, NULL, NULL, 'ExclusiveLane', 'مەملەحە', 'good one', 'یا باشە', 'hand made', 5000.00, 'IQD', 'images/marketplace_product_20260414141236_4f3e070b.jpeg', 10, 'approved', '2026-04-14 14:12:36', '2026-04-14 14:12:36'),
(25, NULL, NULL, 'handmade crafts abroad', 'مەحفیرا دەستی', 'wow', 'واو', 'hand made', 18000.00, 'IQD', 'images/marketplace_product_20260414141420_78e60380.jpeg', 15, 'approved', '2026-04-14 14:14:20', '2026-04-14 14:14:20'),
(26, NULL, NULL, 'hand made', 'کارێ دەستی', 'any description', 'هەر چبیت', 'hand made', 3500.00, 'IQD', 'images/marketplace_product_20260415091317_67fc0b48.jpeg', 10, 'hidden', '2026-04-15 09:13:17', '2026-04-19 15:15:19');

INSERT INTO marriage_profiles (id, user_id, profile_code, gender, age, city, social_summary, private_notes, visibility_level, subscription_status, status, created_at, updated_at) VALUES
(1, 1, 'M-20260415-56D66C', 'male', 20, 'Duhok', 'i wait for it', NULL, 'employee_only', 'free', 'active', '2026-04-15 10:30:41', '2026-04-15 10:31:01'),
(2, 6, 'M-20260416-6DD3CD', 'Male', 20, 'duhok', 'good job', NULL, 'employee_only', 'free', 'active', '2026-04-16 14:18:43', '2026-04-16 14:19:02');

INSERT INTO media_posts (id, title, title_ar, body, body_ar, post_type, media_url, link_url, event_date, status, created_by_user_id, created_at, updated_at) VALUES
(1, 'our new donate for poor people', 'تبرعنا الجديد للفقراء', 'they needed to much', 'كانوا بحاجة إلى الكثير', 'news', 'media/media_post_20260415125807_dab52a8d.jpeg', 'https://youtube.com/shorts/x7StkfIvGtw?si=bo68C2XvgMpCOilN', '2026-04-08', 'published', NULL, '2026-04-15 12:46:03', '2026-04-15 12:58:07'),
(2, 'new one', 'تبرعنا الجديد للفقراء', NULL, NULL, 'news', 'media/media_post_20260416142134_e3173521.jpg', NULL, '2026-04-16', 'published', NULL, '2026-04-16 14:21:34', '2026-04-16 14:21:34');

INSERT INTO partners (id, name, name_ar, partner_type, contact_phone, website, description, description_ar, logo_path, status, created_at, updated_at) VALUES
(1, 'easy tech', 'ئیزی تێک', 'Company', '7508582031', 'https://www.easykrd.com/', 'Think it We App It', 'فكر فيه، سنطبقه.', 'images/partner_logo_20260415114105_f8f15975.png', 'active', '2026-04-15 11:41:05', '2026-04-15 12:12:57'),
(2, 'HawkEnergy', 'هاوک ئێنێرجی', 'Company', '07504272787', 'https://hawkenergykrd.com/', 'For service inquiries and project coordination, reach us directly.', 'للاستفسارات المتعلقة بالخدمات وتنسيق المشاريع، تواصلوا معنا مباشرة.', 'images/partner_logo_20260415121659_a3819e6d.png', 'hidden', '2026-04-15 12:17:00', '2026-04-15 13:06:35'),
(3, 'HawkEnergy', 'هاوک ئێنێرجی', 'Company', '07504272787', 'hawkenergykrd', 'For service inquiries and project coordination, reach us directly.', 'للاستفسارات المتعلقة بالخدمات وتنسيق المشاريع، تواصلوا معنا مباشرة.', 'images/partner_logo_20260415130725_98e9682a.png', 'active', '2026-04-15 13:07:25', '2026-04-15 13:07:25');

INSERT INTO sponsorships (id, donor_user_id, beneficiary_case_id, project_request_id, sponsorship_type, amount, currency, schedule_interval, next_due_date, status, notes, created_at, updated_at) VALUES
(1, 1, NULL, 1, 'Campaign support', 5000.00, 'IQD', 'monthly', NULL, 'cancelled', 'yes every month', '2026-04-14 12:23:45', '2026-04-15 09:04:10'),
(2, 1, NULL, 1, 'Campaign support', 5000.00, 'IQD', 'monthly', '2026-05-15', 'active', 'that is by mee', '2026-04-15 07:30:46', '2026-04-15 07:32:04'),
(3, 1, NULL, 1, 'Campaign support', 5000.00, 'IQD', 'monthly', '2026-05-15', 'active', 'very good', '2026-04-15 09:06:30', '2026-04-15 09:06:40'),
(4, 1, NULL, NULL, 'General support', 2000.00, 'IQD', 'monthly', '2026-05-15', 'cancelled', NULL, '2026-04-15 10:38:45', '2026-04-15 10:39:15'),
(5, 6, NULL, 1, 'Campaign support', 15000.00, 'IQD', 'monthly', '2026-05-16', 'active', 'every month', '2026-04-16 14:17:10', '2026-04-16 14:17:28');

INSERT INTO support_tickets (id, user_id, subject, message, status, created_at, updated_at) VALUES
(1, 1, 'logout', 'I can’t logout fix it', 'in_progress', '2026-04-15 13:19:59', '2026-04-15 13:20:15'),
(2, 6, 'change my role', 'I can’t change', 'in_progress', '2026-04-16 14:19:22', '2026-04-16 14:19:30');

INSERT INTO users (id, phone, role_id, active, created_at) VALUES
(1, '7508582031', 1, 1, '2026-04-13 10:27:17'),
(3, '7508582030', 2, 1, '2026-04-14 11:40:28'),
(4, '7508582020', 3, 1, '2026-04-14 11:41:49'),
(5, '7504582031', 2, 1, '2026-04-16 12:16:06'),
(6, '7504452031', 1, 1, '2026-04-16 14:14:20'),
(7, '7505582031', 2, 1, '2026-04-16 14:20:14'),
(8, '7505552031', 3, 1, '2026-04-16 14:21:57'),
(9, '9647508582031', 1, 1, '2026-04-19 12:15:17'),
(10, '9647502252031', 1, 1, '2026-04-19 15:08:08'),
(11, '9647712031', 1, 1, '2026-04-19 15:18:42'),
(12, '9645582033', 2, 1, '2026-04-19 15:39:31'),
(13, '9643352061', 3, 1, '2026-04-19 15:53:43'),
(14, '7508885050', 2, 1, '2026-04-20 13:32:02'),
(15, '9647502223020', 1, 1, '2026-04-21 08:47:52');

INSERT INTO user_device_tokens (id, user_id, role_id, device_token, platform, device_id, app_version, is_active, created_at, updated_at, last_seen_at) VALUES
(1, 13, 3, 'e33N204omkSBnpuk0mTF-S:APA91bGjmqS4bOWOaZ6-STcGNk4HVDJhbzGRyCxjRgSZJk2jpCqcK2POKaGF6BH--Zmd_1koIDjJDOfDEVLSyRPzSJEsIuHsPLIxHHFl9qs6AgVdW5Icnb8', 'ios', NULL, NULL, 1, '2026-04-20 10:11:53', '2026-04-20 10:30:36', '2026-04-20 10:30:36');

INSERT INTO user_profiles (id, user_id, full_name, gender, address, profile_picture) VALUES
(2, 1, 'Sizar Dildar', 'Male', 'Duhok, malta', 'images/profile_1_1776162527.jpg'),
(3, 3, 'Sihad', 'Male', 'Duhok, Malta', 'images/profile_3_1776167072.jpg'),
(4, 5, 'Elon musk', 'Male', 'Florida', 'images/profile_5_1776343460.jpg'),
(5, 6, 'easy tech', 'Male', 'Duhok, malta', 'images/profile_6_1776348952.jpg'),
(6, 4, 'hiwa', 'Male', 'duhok', 'images/profile_4_1776592013.jpg'),
(7, 9, 'ali', 'Male', 'duhok', 'images/profile_9_1776601107.jpg'),
(8, 10, 'easy tech', 'Male', 'Duhok', 'images/profile_10_1776611766.jpg'),
(9, 11, 'User 2031', 'Male', 'duhok', 'images/profile_11_1776612973.jpg'),
(10, 14, 'Sizar dildar', 'Male', 'duhok', 'images/profile_14_1776698980.jpg');

INSERT INTO volunteer_applications (id, user_id, full_name, phone, city, skills, experience, availability, status, created_at, updated_at) VALUES
(1, 8, 'Sizar Dildar', '7505582030', 'duhok', 'Full stuck developer', NULL, '12 PM To 7PM', 'approved', '2026-04-18 10:15:01', '2026-04-18 10:15:34');

INSERT INTO volunteer_missions (id, title, title_ar, description, description_ar, city, mission_date, needed_volunteers, status, created_at, updated_at) VALUES
(1, 'Clean city', NULL, 'we need it guys', NULL, 'Duhok', '2026-04-30', 20, 'open', '2026-04-19 09:23:32', '2026-04-19 09:23:32');

INSERT INTO volunteer_mission_signups (id, user_id, mission_id, status, notes, created_at, updated_at, checked_in_at, completed_at, hours_served) VALUES
(1, 4, 1, 'approved', NULL, '2026-04-19 09:23:42', '2026-04-19 10:07:03', NULL, NULL, 0.00);

